uniqueid,gene,mutation,ref,alt,nucleotide_number,nucleotide_index,gene_position,codes_protein,indel_length,indel_nucleotides,amino_acid_number,amino_acid_sequence,number_nucleotide_changes
final,PE1,L485L,ctg,ttg,,,485,True,,None,485,L,1.0
final,PE18,A43P:3,gcc,ccc,,,43,True,,None,43,P,1.0
final,PE2,c-93g:6,c,g,-93,180989,-93,False,,None,,None,1.0
final,PE26,1068_ins_cccg,None,None,,,1068,True,4,cccg,,None,
final,PE3,T14A,acg,gcg,,,14,True,,None,14,A,1.0
final,PE3,Y377!:11,tac,taa,,,377,True,,None,377,!,1.0
final,PE35,E99!,gaa,taa,,,99,True,,None,99,!,1.0
final,PE8,G81G,gga,ggg,,,81,True,,None,81,G,1.0
final,PE8,A98G:9,gcc,ggc,,,98,True,,None,98,G,1.0
final,PE_PGRS10,R225X,agg,xgg,,,225,True,,None,225,X,1.0
final,PE_PGRS10,R227X,cgc,xgc,,,227,True,,None,227,X,1.0
final,PE_PGRS14,G856X,ggc,ggx,,,856,True,,None,856,X,1.0
final,PE_PGRS15,G461D,ggc,gac,,,461,True,,None,461,D,1.0
final,PE_PGRS15,1538_del_g,None,None,,,1538,True,-1,g,,None,
final,PE_PGRS15,1818_ins_caacccggc,None,None,,,1818,True,9,caacccggc,,None,
final,PE_PGRS17,N143N,aac,aat,,,143,True,,None,143,N,1.0
final,PE_PGRS17,V317V,gtt,gtc,,,317,True,,None,317,V,1.0
final,PE_PGRS18,S23S:6,tcg,tcc,,,23,True,,None,23,S,1.0
final,PE_PGRS21,S350N,agt,aat,,,350,True,,None,350,N,1.0
final,PE_PGRS23,S266S:3,tcg,tcc,,,266,True,,None,266,S,1.0
final,PE_PGRS24,G394X,ggg,gxg,,,394,True,,None,394,X,1.0
final,PE_PGRS27,3553_del_accggcggc,None,None,,,3553,True,-9,accggcggc,,None,
final,PE_PGRS28,G416X,ggc,gxc,,,416,True,,None,416,X,1.0
final,PE_PGRS28,P417X,ccc,xxc,,,417,True,,None,417,X,2.0
final,PE_PGRS28,G468X,ggg,ggx,,,468,True,,None,468,X,1.0
final,PE_PGRS29,L235X,ctg,xtg,,,235,True,,None,235,X,1.0
final,PE_PGRS30,D283X,gac,gxc,,,283,True,,None,283,X,1.0
final,PE_PGRS34,N408D:3,aac,gac,,,408,True,,None,408,D,1.0
final,PE_PGRS37,E80E,gaa,gag,,,80,True,,None,80,E,1.0
final,PE_PGRS38,t-87c,t,c,-87,2424925,-87,False,,None,,None,1.0
final,PE_PGRS39,S392R:10,agc,agg,,,392,True,,None,392,R,1.0
final,PE_PGRS4,V77T,gtg,acg,,,77,True,,None,77,T,2.0
final,PE_PGRS4,L99X,ctc,ctx,,,99,True,,None,99,X,1.0
final,PE_PGRS4,A100X,gcc,gxc,,,100,True,,None,100,X,1.0
final,PE_PGRS4,I102X,atc,atx,,,102,True,,None,102,X,1.0
final,PE_PGRS4,T119X,acc,xcc,,,119,True,,None,119,X,1.0
final,PE_PGRS4,N128X,aat,xat,,,128,True,,None,128,X,1.0
final,PE_PGRS4,T37T:36,aca,acg,,,37,True,,None,37,T,1.0
final,PE_PGRS4,A38A:38,gca,gcg,,,38,True,,None,38,A,1.0
final,PE_PGRS4,A57A:65,gcc,gcg,,,57,True,,None,57,A,1.0
final,PE_PGRS4,S66S:75,agc,agt,,,66,True,,None,66,S,1.0
final,PE_PGRS40,g-40c:7,g,c,-40,2651713,-40,False,,None,,None,1.0
final,PE_PGRS42,A606G:4,gcc,ggc,,,606,True,,None,606,G,1.0
final,PE_PGRS43,S801X,tcg,tcx,,,801,True,,None,801,X,1.0
final,PE_PGRS44,G428S,ggc,agc,,,428,True,,None,428,S,1.0
final,PE_PGRS44,V522F,gtc,ttc,,,522,True,,None,522,F,1.0
final,PE_PGRS46,G518G:3,ggt,ggg,,,518,True,,None,518,G,1.0
final,PE_PGRS47,G136G,gga,ggg,,,136,True,,None,136,G,1.0
final,PE_PGRS47,G463X,ggc,ggx,,,463,True,,None,463,X,1.0
final,PE_PGRS47,A170G:5,gcc,ggc,,,170,True,,None,170,G,1.0
final,PE_PGRS48,P228A:4,cca,gca,,,228,True,,None,228,A,1.0
final,PE_PGRS5,D410X,gac,gxc,,,410,True,,None,410,X,1.0
final,PE_PGRS5,F531X,ttc,ttx,,,531,True,,None,531,X,1.0
final,PE_PGRS50,G1025X,ggc,ggx,,,1025,True,,None,1025,X,1.0
final,PE_PGRS51,P567A:4,cca,gca,,,567,True,,None,567,A,1.0
final,PE_PGRS52,A576X,gcc,gxc,,,576,True,,None,576,X,1.0
final,PE_PGRS53,A935X,gcc,gxc,,,935,True,,None,935,X,1.0
final,PE_PGRS6,A239G,gcc,ggc,,,239,True,,None,239,G,1.0
final,PE_PGRS62,Q97E:8,cag,gag,,,97,True,,None,97,E,1.0
final,PE_PGRS7,G409X,ggc,ggx,,,409,True,,None,409,X,1.0
final,PE_PGRS9,E191G,gag,ggg,,,191,True,,None,191,G,1.0
final,PE_PGRS9,G197X,gga,ggx,,,197,True,,None,197,X,1.0
final,PE_PGRS9,T252A,act,gct,,,252,True,,None,252,A,1.0
final,PE_PGRS9,N280D,aac,gac,,,280,True,,None,280,D,1.0
final,PE_PGRS9,T320A,acc,gcc,,,320,True,,None,320,A,1.0
final,PE_PGRS9,T445A,acc,gcc,,,445,True,,None,445,A,1.0
final,PPE17,A156G:7,gcg,ggg,,,156,True,,None,156,G,1.0
final,PPE19,G142G,ggg,ggc,,,142,True,,None,142,G,1.0
final,PPE19,T131T:13,acc,acg,,,131,True,,None,131,T,1.0
final,PPE20,G447G:4,ggc,ggg,,,447,True,,None,447,G,1.0
final,PPE20,L507V:7,ttg,gtg,,,507,True,,None,507,V,1.0
final,PPE24,A416A,gcc,gca,,,416,True,,None,416,A,1.0
final,PPE24,W181L:7,tgg,ttg,,,181,True,,None,181,L,1.0
final,PPE26,R388P:3,cgc,ccc,,,388,True,,None,388,P,1.0
final,PPE29,49_ins_cggggc,None,None,,,49,True,6,cggggc,,None,
final,PPE3,E257K,gaa,aaa,,,257,True,,None,257,K,1.0
final,PPE33,A155A,gct,gcc,,,155,True,,None,155,A,1.0
final,PPE33,c-40g:15,c,g,-40,2051242,-40,False,,None,,None,1.0
final,PPE34,S676A,tca,gca,,,676,True,,None,676,A,1.0
final,PPE34,P1174P,cct,ccg,,,1174,True,,None,1174,P,1.0
final,PPE34,I1216V,atc,gtc,,,1216,True,,None,1216,V,1.0
final,PPE35,P822S,cca,tca,,,822,True,,None,822,S,1.0
final,PPE35,S249S:22,tcg,tcc,,,249,True,,None,249,S,1.0
final,PPE37,A373A:10,gca,gcc,,,373,True,,None,373,A,1.0
final,PPE38,L262V:21,ttg,gtg,,,262,True,,None,262,V,1.0
final,PPE39,M1S:17,atg,tca,,,1,True,,None,1,S,3.0
final,PPE45,A224P:15,gcg,ccg,,,224,True,,None,224,P,1.0
final,PPE45,T306T:6,acg,acc,,,306,True,,None,306,T,1.0
final,PPE46,542_del_gcg,None,None,,,542,True,-3,gcg,,None,
final,PPE5,G646R,ggg,agg,,,646,True,,None,646,R,1.0
final,PPE54,E103A,gag,gcg,,,103,True,,None,103,A,1.0
final,PPE54,T2139T,acg,acc,,,2139,True,,None,2139,T,1.0
final,PPE54,I2157T,atc,acc,,,2157,True,,None,2157,T,1.0
final,PPE55,I326I,att,atc,,,326,True,,None,326,I,1.0
final,PPE55,L2259P,ctg,ccg,,,2259,True,,None,2259,P,1.0
final,PPE55,A150G:4,gcg,ggg,,,150,True,,None,150,G,1.0
final,PPE55,T633P:9,acc,ccc,,,633,True,,None,633,P,1.0
final,PPE56,11010_del_cggcatcctc,None,None,,,11010,True,-10,cggcatcctc,,None,
final,PPE57,D133G,gac,gga,,,133,True,,None,133,G,2.0
final,PPE59,G17X,ggt,ggx,,,17,True,,None,17,X,1.0
final,PPE59,H116R,cac,cgc,,,116,True,,None,116,R,1.0
final,PPE59,G174R,ggg,agg,,,174,True,,None,174,R,1.0
final,PPE59,V115R:11,gtg,agg,,,115,True,,None,115,R,2.0
final,PPE6,2429_del_t,None,None,,,2429,True,-1,t,,None,
final,PPE6,A187P:3,gca,cca,,,187,True,,None,187,P,1.0
final,PPE6,F335V:21,ttc,gtc,,,335,True,,None,335,V,1.0
final,PPE60,A67X,gcg,gxg,,,67,True,,None,67,X,1.0
final,PPE60,Q85X,cag,xag,,,85,True,,None,85,X,1.0
final,PPE60,T100X,aca,acx,,,100,True,,None,100,X,1.0
final,PPE60,R103X,agg,xgg,,,103,True,,None,103,X,1.0
final,PPE60,T120I,acg,att,,,120,True,,None,120,I,2.0
final,PPE60,T122I,acc,ata,,,122,True,,None,122,I,2.0
final,PPE60,A326X,gca,gcx,,,326,True,,None,326,X,1.0
final,PPE60,Q206Q:116,caa,cag,,,206,True,,None,206,Q,1.0
final,PPE62,323_ins_t,None,None,,,323,True,1,t,,None,
final,PPE64,L530F:16,ttg,ttt,,,530,True,,None,530,F,1.0
final,PPE68,L167L:6,ctc,ctg,,,167,True,,None,167,L,1.0
final,PPE69,T19K,acg,aag,,,19,True,,None,19,K,1.0
final,PPE7,374_ins_g,None,None,,,374,True,1,g,,None,
final,PPE8,D781N,gac,aac,,,781,True,,None,781,N,1.0
final,PPE8,7355_del_gtgcaaacctcggca,None,None,,,7355,True,-15,gtgcaaacctcggca,,None,
final,PPE8,Y1201D:17,tac,gac,,,1201,True,,None,1201,D,1.0
final,PPE8,L2714F:10,ttg,ttt,,,2714,True,,None,2714,F,1.0
final,Rv0008c,S145P,tcc,ccc,,,145,True,,None,145,P,1.0
final,Rv0012,C233R,tgc,cgc,,,233,True,,None,233,R,1.0
final,Rv0021c,g-78c,g,c,-78,26959,-78,False,,None,,None,1.0
final,Rv0024,V93V,gtt,gtc,,,93,True,,None,93,V,1.0
final,Rv0029,R178P:7,cgt,cct,,,178,True,,None,178,P,1.0
final,Rv0043c,G107S,ggc,agc,,,107,True,,None,107,S,1.0
final,Rv0044c,N154T:6,aac,acc,,,154,True,,None,154,T,1.0
final,Rv0052,V139G:13,gtg,ggg,,,139,True,,None,139,G,1.0
final,Rv0064,G457D,ggt,gat,,,457,True,,None,457,D,1.0
final,Rv0064,N733D,aac,gac,,,733,True,,None,733,D,1.0
final,Rv0064,R906P,cgc,ccc,,,906,True,,None,906,P,1.0
final,Rv0068,V214L,gtg,ctg,,,214,True,,None,214,L,1.0
final,Rv0079,T136P:14,acc,ccc,,,136,True,,None,136,P,1.0
final,Rv0093c,Q4K:14,caa,aaa,,,4,True,,None,4,K,1.0
final,Rv0095c,A85V,gcg,gtg,,,85,True,,None,85,V,1.0
final,Rv0095c,L99L,ctc,ctt,,,99,True,,None,99,L,1.0
final,Rv0095c,T101A,acc,gcc,,,101,True,,None,101,A,1.0
final,Rv0104,I56S,atc,agc,,,56,True,,None,56,S,1.0
final,Rv0108c,-71_ins_c,None,None,-71,131175,-71,False,1,c,,None,
final,Rv0110,R234G:22,cgc,ggc,,,234,True,,None,234,G,1.0
final,Rv0111,A105A:10,gcg,gct,,,105,True,,None,105,A,1.0
final,Rv0121c,W139!,tgg,tga,,,139,True,,None,139,!,1.0
final,Rv0135c,G179A:9,ggc,gcc,,,179,True,,None,179,A,1.0
final,Rv0139,G253D,ggt,gat,,,253,True,,None,253,D,1.0
final,Rv0147,Y146!:16,tac,tag,,,146,True,,None,146,!,1.0
final,Rv0180c,Q3!,caa,taa,,,3,True,,None,3,!,1.0
final,Rv0180c,L194L:4,ctg,ttg,,,194,True,,None,194,L,1.0
final,Rv0192,S127P,tcg,ccg,,,127,True,,None,127,P,1.0
final,Rv0193c,E381D,gaa,gac,,,381,True,,None,381,D,1.0
final,Rv0193c,K417E,aag,gag,,,417,True,,None,417,E,1.0
final,Rv0194,M74T,atg,acg,,,74,True,,None,74,T,1.0
final,Rv0197,Y749!,tat,tag,,,749,True,,None,749,!,1.0
final,Rv0197,2266_ins_gt,None,None,,,2266,True,2,gt,,None,
final,Rv0199,D205D,gat,gac,,,205,True,,None,205,D,1.0
final,Rv0203,A134P:7,gcc,ccc,,,134,True,,None,134,P,1.0
final,Rv0218,C316R,tgt,cgt,,,316,True,,None,316,R,1.0
final,Rv0218,G366G:5,ggc,ggg,,,366,True,,None,366,G,1.0
final,Rv0227c,S394S:5,tcg,tcc,,,394,True,,None,394,S,1.0
final,Rv0235c,G12G:21,ggc,ggg,,,12,True,,None,12,G,1.0
final,Rv0238,Y30!:11,tac,taa,,,30,True,,None,30,!,1.0
final,Rv0245,S46L,tcg,ttg,,,46,True,,None,46,L,1.0
final,Rv0259c,A182V,gcg,gtg,,,182,True,,None,182,V,1.0
final,Rv0260c,V349V,gtc,gta,,,349,True,,None,349,V,1.0
final,Rv0260c,Y12!:13,tac,taa,,,12,True,,None,12,!,1.0
final,Rv0263c,V149V:6,gtg,gtc,,,149,True,,None,149,V,1.0
final,Rv0278c,L114L,ttg,ctg,,,114,True,,None,114,L,1.0
final,Rv0278c,I102I:72,atc,att,,,102,True,,None,102,I,1.0
final,Rv0312,I384V,atc,gtc,,,384,True,,None,384,V,1.0
final,Rv0315,K260T,aag,acg,,,260,True,,None,260,T,1.0
final,Rv0315,V77G:5,gtg,ggg,,,77,True,,None,77,G,1.0
final,Rv0318c,G223A,ggg,gcg,,,223,True,,None,223,A,1.0
final,Rv0323c,S142G,agt,ggt,,,142,True,,None,142,G,1.0
final,Rv0326,V145G:9,gtc,ggc,,,145,True,,None,145,G,1.0
final,Rv0331,G204A,ggc,gcc,,,204,True,,None,204,A,1.0
final,Rv0338c,A621V,gcc,gtc,,,621,True,,None,621,V,1.0
final,Rv0358,P123A:4,ccg,gcg,,,123,True,,None,123,A,1.0
final,Rv0360c,A116P:8,gca,cca,,,116,True,,None,116,P,1.0
final,Rv0376c,P26P,cca,ccg,,,26,True,,None,26,P,1.0
final,Rv0383c,t-84g,t,g,-84,459399,-84,False,,None,,None,1.0
final,Rv0395,V80A,gtc,gcc,,,80,True,,None,80,A,1.0
final,Rv0396,R11R:18,cgc,cga,,,11,True,,None,11,R,1.0
final,Rv0412c,I29V,atc,gtc,,,29,True,,None,29,V,1.0
final,Rv0435c,R423G:5,cga,gga,,,423,True,,None,423,G,1.0
final,Rv0441c,L8F,ctc,ttc,,,8,True,,None,8,F,1.0
final,Rv0457c,N32K:8,aac,aaa,,,32,True,,None,32,K,1.0
final,Rv0473,E93K:10,gaa,aaa,,,93,True,,None,93,K,1.0
final,Rv0479c,A266A:37,gcc,gca,,,266,True,,None,266,A,1.0
final,Rv0484c,G180G,ggt,ggc,,,180,True,,None,180,G,1.0
final,Rv0497,A70G:8,gcg,ggg,,,70,True,,None,70,G,1.0
final,Rv0498,V207M,gtg,atg,,,207,True,,None,207,M,1.0
final,Rv0518,t-68g,t,g,-68,610120,-68,False,,None,,None,1.0
final,Rv0523c,G40G:10,ggc,gga,,,40,True,,None,40,G,1.0
final,Rv0540,A95P:8,gcc,ccc,,,95,True,,None,95,P,1.0
final,Rv0552,A383P:8,gcc,ccc,,,383,True,,None,383,P,1.0
final,Rv0556,L15R,ctc,cgc,,,15,True,,None,15,R,1.0
final,Rv0565c,1204_del_ac,None,None,,,1204,True,-2,ac,,None,
final,Rv0575c,Q116Q,caa,cag,,,116,True,,None,116,Q,1.0
final,Rv0580c,R135Q,cgg,cag,,,135,True,,None,135,Q,1.0
final,Rv0584,I695I,atc,att,,,695,True,,None,695,I,1.0
final,Rv0601c,G9G,ggc,ggt,,,9,True,,None,9,G,1.0
final,Rv0613c,I622M:5,atc,atg,,,622,True,,None,622,M,1.0
final,Rv0628c,A90G:10,gcg,ggg,,,90,True,,None,90,G,1.0
final,Rv0647c,A295G:6,gcg,ggg,,,295,True,,None,295,G,1.0
final,Rv0648,A404G:7,gcc,ggc,,,404,True,,None,404,G,1.0
final,Rv0658c,L75P,ctc,ccc,,,75,True,,None,75,P,1.0
final,Rv0669c,T93M,acg,atg,,,93,True,,None,93,M,1.0
final,Rv0669c,T532M,acg,atg,,,532,True,,None,532,M,1.0
final,Rv0680c,-59_del_a,None,None,-59,780475,-59,False,-1,a,,None,
final,Rv0686,A225A:3,gcc,gcg,,,225,True,,None,225,A,1.0
final,Rv0687,A31G:11,gcg,ggg,,,31,True,,None,31,G,1.0
final,Rv0690c,V42I,gtc,atc,,,42,True,,None,42,I,1.0
final,Rv0697,R127Q,cgg,cag,,,127,True,,None,127,Q,1.0
final,Rv0698,g-25t,g,t,-25,798808,-25,False,,None,,None,1.0
final,Rv0738,A140P:8,gcc,ccc,,,140,True,,None,140,P,1.0
final,Rv0759c,-96_del_g,None,None,-96,854253,-96,False,-1,g,,None,
final,Rv0770,A279G:7,gcc,ggc,,,279,True,,None,279,G,1.0
final,Rv0786c,P63T,ccg,acg,,,63,True,,None,63,T,1.0
final,Rv0787,R23R,cgg,cgt,,,23,True,,None,23,R,1.0
final,Rv0787,S317S:12,tcg,tcc,,,317,True,,None,317,S,1.0
final,Rv0794c,L297F:13,ttg,ttt,,,297,True,,None,297,F,1.0
final,Rv0797,W54!,tgg,tga,,,54,True,,None,54,!,1.0
final,Rv0812,I145M,ata,atg,,,145,True,,None,145,M,1.0
final,Rv0828c,R102P:12,cgc,ccc,,,102,True,,None,102,P,1.0
final,Rv0849,Y77!:13,tac,taa,,,77,True,,None,77,!,1.0
final,Rv0857,V47V,gtc,gtt,,,47,True,,None,47,V,1.0
final,Rv0859,S150G,agc,ggc,,,150,True,,None,150,G,1.0
final,Rv0881,G115R,ggc,cgc,,,115,True,,None,115,R,1.0
final,Rv0890c,P866A,ccc,gcc,,,866,True,,None,866,A,1.0
final,Rv0890c,V500G:22,gtg,ggg,,,500,True,,None,500,G,1.0
final,Rv0891c,V37G,gtt,ggt,,,37,True,,None,37,G,1.0
final,Rv0891c,P68H,ccc,cac,,,68,True,,None,68,H,1.0
final,Rv0907,69_ins_g,None,None,,,69,True,1,g,,None,
final,Rv0919,F141F,ttt,ttc,,,141,True,,None,141,F,1.0
final,Rv0921,A124G:9,gcg,ggg,,,124,True,,None,124,G,1.0
final,Rv0923c,N303D,aat,gat,,,303,True,,None,303,D,1.0
final,Rv0958,T368P:11,acc,ccc,,,368,True,,None,368,P,1.0
final,Rv0964c,P124T,cct,act,,,124,True,,None,124,T,1.0
final,Rv0966c,V175A,gtg,gcg,,,175,True,,None,175,A,1.0
final,Rv0970,V210V,gtt,gtc,,,210,True,,None,210,V,1.0
final,Rv0987,R562P:15,cgg,ccg,,,562,True,,None,562,P,1.0
final,Rv0998,G51G:13,ggc,ggg,,,51,True,,None,51,G,1.0
final,Rv1005c,A162G:5,gcc,ggc,,,162,True,,None,162,G,1.0
final,Rv1025,L95L:11,ctc,ctg,,,95,True,,None,95,L,1.0
final,Rv1042c,-23_ins_t,None,None,-23,1165522,-23,False,1,t,,None,
final,Rv1084,A56P:8,gcc,ccc,,,56,True,,None,56,P,1.0
final,Rv1096,t-18c,t,c,-18,1224367,-18,False,,None,,None,1.0
final,Rv1106c,L306L:5,ctc,ctg,,,306,True,,None,306,L,1.0
final,Rv1128c,G311G:10,ggt,ggg,,,311,True,,None,311,G,1.0
final,Rv1132,A79A:26,gcc,gcg,,,79,True,,None,79,A,1.0
final,Rv1139c,G111G:9,ggc,ggg,,,111,True,,None,111,G,1.0
final,Rv1145,S217P,tcg,ccg,,,217,True,,None,217,P,1.0
final,Rv1145,A75G:9,gcc,ggc,,,75,True,,None,75,G,1.0
final,Rv1149,-24_ins_t,None,None,-24,1277869,-24,False,1,t,,None,
final,Rv1154c,T123A,acg,gcg,,,123,True,,None,123,A,1.0
final,Rv1179c,-39_ins_c,None,None,-39,1313338,-39,False,1,c,,None,
final,Rv1186c,P207A,ccc,gcc,,,207,True,,None,207,A,1.0
final,Rv1194c,A241G:3,gcg,ggg,,,241,True,,None,241,G,1.0
final,Rv1200,L379L:6,cta,ctc,,,379,True,,None,379,L,1.0
final,Rv1205,R62G:8,cga,gga,,,62,True,,None,62,G,1.0
final,Rv1209,G79R:12,ggc,cgc,,,79,True,,None,79,R,1.0
final,Rv1225c,A253G:3,gcc,ggc,,,253,True,,None,253,G,1.0
final,Rv1230c,S45G,agc,ggc,,,45,True,,None,45,G,1.0
final,Rv1232c,C149G,tgc,ggc,,,149,True,,None,149,G,1.0
final,Rv1250,R258R:13,cgc,cgg,,,258,True,,None,258,R,1.0
final,Rv1251c,T773T,aca,acg,,,773,True,,None,773,T,1.0
final,Rv1251c,D567E:8,gac,gaa,,,567,True,,None,567,E,1.0
final,Rv1264,G207G:13,ggc,gga,,,207,True,,None,207,G,1.0
final,Rv1286,P521P,ccc,ccg,,,521,True,,None,521,P,1.0
final,Rv1288,S315T:10,agc,acc,,,315,True,,None,315,T,1.0
final,Rv1290A,S12A,tcg,gcg,,,12,True,,None,12,A,1.0
final,Rv1290c,S131S,tcg,tca,,,131,True,,None,131,S,1.0
final,Rv1290c,S424S:9,tcg,tcc,,,424,True,,None,424,S,1.0
final,Rv1313c,-60_ins_tc,None,None,-60,1469565,-60,False,2,tc,,None,
final,Rv1313c,L433R:80,ctg,cgg,,,433,True,,None,433,R,1.0
final,Rv1319c,E518E:41,gag,gaa,,,518,True,,None,518,E,1.0
final,Rv1319c,T519T:34,acg,acc,,,519,True,,None,519,T,1.0
final,Rv1320c,T531A,acg,gcg,,,531,True,,None,531,A,1.0
final,Rv1321,S144R,agc,cgc,,,144,True,,None,144,R,1.0
final,Rv1324,D286A:10,gac,gcc,,,286,True,,None,286,A,1.0
final,Rv1358,V780G:12,gtg,ggg,,,780,True,,None,780,G,1.0
final,Rv1364c,A465E,gcg,gag,,,465,True,,None,465,E,1.0
final,Rv1374c,A15V,gca,gta,,,15,True,,None,15,V,1.0
final,Rv1378c,R37W,cgg,tgg,,,37,True,,None,37,W,1.0
final,Rv1378c,A158G:7,gcc,ggc,,,158,True,,None,158,G,1.0
final,Rv1428c,A266A,gcc,gct,,,266,True,,None,266,A,1.0
final,Rv1432,Y459!:8,tac,taa,,,459,True,,None,459,!,1.0
final,Rv1435c,a-85g,a,g,-85,1613035,-85,False,,None,,None,1.0
final,Rv1435c,326_ins_ccctggcgcaccggtaccgat,None,None,,,326,True,21,ccctggcgcaccggtaccgat,,None,
final,Rv1435c,I109I:8,ata,atc,,,109,True,,None,109,I,1.0
final,Rv1435c,P110P:8,ccg,cct,,,110,True,,None,110,P,1.0
final,Rv1451,G273G:5,ggc,ggg,,,273,True,,None,273,G,1.0
final,Rv1453,P405Q,cca,caa,,,405,True,,None,405,Q,1.0
final,Rv1458c,a-49g:11,a,g,-49,1644309,-49,False,,None,,None,1.0
final,Rv1459c,G254A:7,ggc,gcc,,,254,True,,None,254,A,1.0
final,Rv1462,N183D,aac,gac,,,183,True,,None,183,D,1.0
final,Rv1473,Y68S:10,tac,tcc,,,68,True,,None,68,S,1.0
final,Rv1514c,S159S,tca,tcg,,,159,True,,None,159,S,1.0
final,Rv1565c,W337S,tgg,tcg,,,337,True,,None,337,S,1.0
final,Rv1565c,V398A:7,gtc,gcc,,,398,True,,None,398,A,1.0
final,Rv1575,388_ins_g,None,None,,,388,True,1,g,,None,
final,Rv1576c,A137G:9,gcg,ggg,,,137,True,,None,137,G,1.0
final,Rv1585c,R59G:9,cga,gga,,,59,True,,None,59,G,1.0
final,Rv1597,A47G:8,gcg,ggg,,,47,True,,None,47,G,1.0
final,Rv1632c,N47N:21,aat,aac,,,47,True,,None,47,N,1.0
final,Rv1638A,A70P:12,gca,cca,,,70,True,,None,70,P,1.0
final,Rv1639c,A409G:5,gcc,ggc,,,409,True,,None,409,G,1.0
final,Rv1639c,A464G:10,gcc,ggc,,,464,True,,None,464,G,1.0
final,Rv1647,A2P,gcg,ccg,,,2,True,,None,2,P,1.0
final,Rv1647,A227G:4,gcc,ggc,,,227,True,,None,227,G,1.0
final,Rv1669,g-75a:4,g,a,-75,1895650,-75,False,,None,,None,1.0
final,Rv1676,G74E,gga,gaa,,,74,True,,None,74,E,1.0
final,Rv1676,S149S,agt,agc,,,149,True,,None,149,S,1.0
final,Rv1682,A298A,gcg,gcc,,,298,True,,None,298,A,1.0
final,Rv1683,L982V:5,ttg,gtg,,,982,True,,None,982,V,1.0
final,Rv1707,V15G:5,gtc,ggc,,,15,True,,None,15,G,1.0
final,Rv1716,A182A,gca,gcc,,,182,True,,None,182,A,1.0
final,Rv1716,V276X,gtc,gxc,,,276,True,,None,276,X,1.0
final,Rv1723,L58F:4,ttg,ttt,,,58,True,,None,58,F,1.0
final,Rv1724c,K95K,aaa,aag,,,95,True,,None,95,K,1.0
final,Rv1739c,R134L,cga,cta,,,134,True,,None,134,L,1.0
final,Rv1739c,586_del_c,None,None,,,586,True,-1,c,,None,
final,Rv1744c,C96W:5,tgc,tgg,,,96,True,,None,96,W,1.0
final,Rv1775,T103P:4,acc,ccc,,,103,True,,None,103,P,1.0
final,Rv1778c,H143P:6,cac,ccc,,,143,True,,None,143,P,1.0
final,Rv1812c,L30P,cta,cca,,,30,True,,None,30,P,1.0
final,Rv1815,I83F,atc,ttc,,,83,True,,None,83,F,1.0
final,Rv1815,T24P:5,acc,ccc,,,24,True,,None,24,P,1.0
final,Rv1828,L175L,ctg,ctc,,,175,True,,None,175,L,1.0
final,Rv1836c,A151G:7,gcc,ggc,,,151,True,,None,151,G,1.0
final,Rv1867,G380G,ggc,ggt,,,380,True,,None,380,G,1.0
final,Rv1868,A376G:9,gcc,ggc,,,376,True,,None,376,G,1.0
final,Rv1873,t-5g,t,g,-5,2123169,-5,False,,None,,None,1.0
final,Rv1895,V270L,gtg,ctg,,,270,True,,None,270,L,1.0
final,Rv1897c,A93P,gcc,ccc,,,93,True,,None,93,P,1.0
final,Rv1913,V141A,gtc,gcc,,,141,True,,None,141,A,1.0
final,Rv1920,P3L,ccg,ctg,,,3,True,,None,3,L,1.0
final,Rv1939,D40A:5,gac,gcc,,,40,True,,None,40,A,1.0
final,Rv1944c,S176S:22,tcg,tcc,,,176,True,,None,176,S,1.0
final,Rv1945,V243L,gtc,ctc,,,243,True,,None,243,L,1.0
final,Rv1975,A22G:5,gct,ggt,,,22,True,,None,22,G,1.0
final,Rv1977,S253S,tct,tcg,,,253,True,,None,253,S,1.0
final,Rv1995,c-24g:12,c,g,-24,2238117,-24,False,,None,,None,1.0
final,Rv1999c,A73G:4,gcc,ggc,,,73,True,,None,73,G,1.0
final,Rv2000,S465S,tcc,tct,,,465,True,,None,465,S,1.0
final,Rv2005c,P102S,cct,tct,,,102,True,,None,102,S,1.0
final,Rv2017,A262E,gcg,gag,,,262,True,,None,262,E,1.0
final,Rv2024c,W47R,tgg,cgg,,,47,True,,None,47,R,1.0
final,Rv2024c,D154G,gac,ggc,,,154,True,,None,154,G,1.0
final,Rv2037c,C312Y,tgt,tat,,,312,True,,None,312,Y,1.0
final,Rv2039c,V131F,gtc,ttc,,,131,True,,None,131,F,1.0
final,Rv2041c,D242D,gat,gac,,,242,True,,None,242,D,1.0
final,Rv2061c,V78I,gtc,atc,,,78,True,,None,78,I,1.0
final,Rv2082,V630I,gta,ata,,,630,True,,None,630,I,1.0
final,Rv2082,P638R,ccc,cgc,,,638,True,,None,638,R,1.0
final,Rv2083,L256V,ctg,gtg,,,256,True,,None,256,V,1.0
final,Rv2125,G33S,ggc,agc,,,33,True,,None,33,S,1.0
final,Rv2143,g-48c:15,g,c,-48,2402929,-48,False,,None,,None,1.0
final,Rv2166c,g-96t,g,t,-96,2429954,-96,False,,None,,None,1.0
final,Rv2169c,T121P:8,acc,ccc,,,121,True,,None,121,P,1.0
final,Rv2182c,G175G:10,ggc,gga,,,175,True,,None,175,G,1.0
final,Rv2190c,A382P:10,gcc,ccc,,,382,True,,None,382,P,1.0
final,Rv2209,G146G:4,ggc,ggg,,,146,True,,None,146,G,1.0
final,Rv2209,G187G:12,ggc,ggg,,,187,True,,None,187,G,1.0
final,Rv2226,A195T:5,gcc,acc,,,195,True,,None,195,T,1.0
final,Rv2237,P78P,cca,ccg,,,78,True,,None,78,P,1.0
final,Rv2251,159_del_g,None,None,,,159,True,-1,g,,None,
final,Rv2256c,Q136Q,caa,cag,,,136,True,,None,136,Q,1.0
final,Rv2258c,A195G:13,gcg,ggg,,,195,True,,None,195,G,1.0
final,Rv2263,A154P:7,gcc,ccc,,,154,True,,None,154,P,1.0
final,Rv2282c,R293G:6,cgc,ggc,,,293,True,,None,293,G,1.0
final,Rv2285,A110A:10,gcc,gca,,,110,True,,None,110,A,1.0
final,Rv2296,G269G:9,ggt,ggg,,,269,True,,None,269,G,1.0
final,Rv2298,Y3C,tat,tgt,,,3,True,,None,3,C,1.0
final,Rv2307c,S46F:8,tcc,ttc,,,46,True,,None,46,F,1.0
final,Rv2310,V57L:8,gtg,ctg,,,57,True,,None,57,L,1.0
final,Rv2314c,G388G,ggt,ggc,,,388,True,,None,388,G,1.0
final,Rv2325c,L100L:11,cta,tta,,,100,True,,None,100,L,1.0
final,Rv2336,V314A,gtc,gcc,,,314,True,,None,314,A,1.0
final,Rv2336,S43P:18,tcc,ccc,,,43,True,,None,43,P,1.0
final,Rv2337c,G119V,ggc,gtc,,,119,True,,None,119,V,1.0
final,Rv2337c,S299F:13,tcc,ttc,,,299,True,,None,299,F,1.0
final,Rv2369c,A21A,gca,gcc,,,21,True,,None,21,A,1.0
final,Rv2377c,V69A,gtc,gcc,,,69,True,,None,69,A,1.0
final,Rv2387,I236V,atc,gtc,,,236,True,,None,236,V,1.0
final,Rv2395,L329P,ctc,ccc,,,329,True,,None,329,P,1.0
final,Rv2395,g-36c:15,g,c,-36,2690036,-36,False,,None,,None,1.0
final,Rv2411c,F312L,ttc,tta,,,312,True,,None,312,L,1.0
final,Rv2411c,A505G:9,gcc,ggc,,,505,True,,None,505,G,1.0
final,Rv2414c,T233P:9,acc,ccc,,,233,True,,None,233,P,1.0
final,Rv2426c,G43R:4,ggc,cgc,,,43,True,,None,43,R,1.0
final,Rv2434c,P111T:23,ccc,acc,,,111,True,,None,111,T,1.0
final,Rv2449c,-89_del_ccaccgcgaaaagacgcaaaagctcccaaatccggtcggatttgggagcttttgc,None,None,-89,2751661,-89,False,-55,ccaccgcgaaaagacgcaaaagctcccaaatccggtcggatttgggagcttttgc,,None,
final,Rv2464c,G240G:12,ggc,ggg,,,240,True,,None,240,G,1.0
final,Rv2473,R105W,cgg,tgg,,,105,True,,None,105,W,1.0
final,Rv2478c,t-9c,t,c,-9,2784617,-9,False,,None,,None,1.0
final,Rv2508c,G212A:8,ggc,gcc,,,212,True,,None,212,A,1.0
final,Rv2513,T122K,acg,aag,,,122,True,,None,122,K,1.0
final,Rv2522c,S440S,agc,agt,,,440,True,,None,440,S,1.0
final,Rv2522c,T137P:6,acc,ccc,,,137,True,,None,137,P,1.0
final,Rv2525c,G78G:8,ggc,gga,,,78,True,,None,78,G,1.0
final,Rv2531c,A841A,gct,gcc,,,841,True,,None,841,A,1.0
final,Rv2531c,L835F:11,ttg,ttt,,,835,True,,None,835,F,1.0
final,Rv2542,T211A,acc,gcc,,,211,True,,None,211,A,1.0
final,Rv2566,A698T,gcg,acg,,,698,True,,None,698,T,1.0
final,Rv2566,A1087A,gct,gcc,,,1087,True,,None,1087,A,1.0
final,Rv2566,A359G:8,gcc,ggc,,,359,True,,None,359,G,1.0
final,Rv2567,G491G,ggc,ggt,,,491,True,,None,491,G,1.0
final,Rv2567,Q645R,cag,cgg,,,645,True,,None,645,R,1.0
final,Rv2569c,S67S,agc,agt,,,67,True,,None,67,S,1.0
final,Rv2571c,A237A:6,gcg,gcc,,,237,True,,None,237,A,1.0
final,Rv2578c,D192E,gac,gag,,,192,True,,None,192,E,1.0
final,Rv2585c,A128A,gca,gcc,,,128,True,,None,128,A,1.0
final,Rv2585c,P165P,ccg,cct,,,165,True,,None,165,P,1.0
final,Rv2585c,C462S,tgt,tct,,,462,True,,None,462,S,1.0
final,Rv2600,t-51c,t,c,-51,2927939,-51,False,,None,,None,1.0
final,Rv2611c,I102M,ata,atg,,,102,True,,None,102,M,1.0
final,Rv2611c,S197C,tct,tgt,,,197,True,,None,197,C,1.0
final,Rv2621c,R72P:6,cgc,ccc,,,72,True,,None,72,P,1.0
final,Rv2624c,539_del_ccatactggcactcggcgggcgaccggaggagctccgggagattccggacggcgaattcgaacgtcgcgtgcaggattggcaccaccgtcatcccgatgtgcgcgtctacccgatcaccactcacacgggtattgccc,None,None,,,539,True,-138,ccatactggcactcggcgggcgaccggaggagctccgggagattccggacggcgaattcgaacgtcgcgtgcaggattggcaccaccgtcatcccgatgtgcgcgtctacccgatcaccactcacacgggtattgccc,,None,
final,Rv2627c,R104G,aga,gga,,,104,True,,None,104,G,1.0
final,Rv2628,S2P,tcc,ccc,,,2,True,,None,2,P,1.0
final,Rv2629,H152Q:7,cac,caa,,,152,True,,None,152,Q,1.0
final,Rv2638,H111P:11,cac,ccc,,,111,True,,None,111,P,1.0
final,Rv2646,P110P:7,cca,ccc,,,110,True,,None,110,P,1.0
final,Rv2650c,I101T,atc,acc,,,101,True,,None,101,T,1.0
final,Rv2652c,g-10a,g,a,-10,2976564,-10,False,,None,,None,1.0
final,Rv2655c,E385G,gaa,gga,,,385,True,,None,385,G,1.0
final,Rv2668,H3R,cac,cgc,,,3,True,,None,3,R,1.0
final,Rv2700,G102G:5,ggc,ggg,,,102,True,,None,102,G,1.0
final,Rv2700,Q146E:5,caa,gaa,,,146,True,,None,146,E,1.0
final,Rv2709,c-4t,c,t,-4,3021835,-4,False,,None,,None,1.0
final,Rv2731,V66G:12,gtc,ggc,,,66,True,,None,66,G,1.0
final,Rv2752c,G484A:15,ggc,gcc,,,484,True,,None,484,A,1.0
final,Rv2771c,L80P,ctc,ccc,,,80,True,,None,80,P,1.0
final,Rv2771c,T59P:18,acc,ccc,,,59,True,,None,59,P,1.0
final,Rv2800,Q349P,cag,ccg,,,349,True,,None,349,P,1.0
final,Rv2802c,T345P:12,acc,ccc,,,345,True,,None,345,P,1.0
final,Rv2807,D79E:5,gac,gaa,,,79,True,,None,79,E,1.0
final,Rv2812,R395G,agg,ggg,,,395,True,,None,395,G,1.0
final,Rv2812,G140R:10,ggg,cgg,,,140,True,,None,140,R,1.0
final,Rv2813,C41G:5,tgc,ggc,,,41,True,,None,41,G,1.0
final,Rv2828c,A133A:4,gcc,gcg,,,133,True,,None,133,A,1.0
final,Rv2857c,V131V,gtg,gtt,,,131,True,,None,131,V,1.0
final,Rv2867c,V10F:7,gtc,ttc,,,10,True,,None,10,F,1.0
final,Rv2867c,L114L:5,ctc,ctg,,,114,True,,None,114,L,1.0
final,Rv2877c,G41G:7,ggc,ggg,,,41,True,,None,41,G,1.0
final,Rv2877c,V285G:10,gtg,ggg,,,285,True,,None,285,G,1.0
final,Rv2917,R594L,cgg,ctg,,,594,True,,None,594,L,1.0
final,Rv2917,G283G:11,ggc,ggg,,,283,True,,None,283,G,1.0
final,Rv2927c,t-40c,t,c,-40,3241999,-40,False,,None,,None,1.0
final,Rv2949c,S148T,tcc,acc,,,148,True,,None,148,T,1.0
final,Rv2955c,c-61t,c,t,-61,3308606,-61,False,,None,,None,1.0
final,Rv3049c,A350A,gcc,gct,,,350,True,,None,350,A,1.0
final,Rv3057c,R211P:9,cgc,ccc,,,211,True,,None,211,P,1.0
final,Rv3077,R308R,cgt,cgg,,,308,True,,None,308,R,1.0
final,Rv3077,G310R,ggc,cgc,,,310,True,,None,310,R,1.0
final,Rv3083,-7_del_tggagccatgaaccagcatttcgacgtcctgatcatcggcgccggcctatccggcatcgggacggcctgtcacgtgacggccgagttccccgacaagacaatcgccctcctggaacgacgggagcgcctgggcggcacctgggacttgttccgctacccgggagttcgttcggactccgacatgttcaccttcggctacaagttccgcccgtggcgcgacgtgaaggtgctcgccgacggcgcgtcgatccggcagtacatcgccgacaccgccacggagttcggcgtcgacgagaagattcactacggcctgaaggtcaacaccgccgagtggtcgagccggcagtgccgttggaccgtcgcgggcgtgcacgaggcgaccggcgaaacccggacctacacctgcgattacctcatcagctgcaccggctactacaactacgacgcgggttatctgccggacttccccggcgtgcaccggttcggcggccggtgcgtgcacccgcagcactggcccgaagacctcgattattccggcaagaaggtcgtcgtcatcggcagcggcgcaacggcggtcactttggttccggcgatggccggctccaaccccggcagtgccgcgcacgtgacgatgctgcagcgatccccgtcgtacatcttctcgctgccggcggtcgacaagatctccgaagtcctgggccgcttcctgccggatcgctgggtctacgagtttggccgcaggcgcaacatcgccatccagcgaaagctctaccaggcctgccggcgctggcccaagctgatgcggcgattgctgctgtgggaggtacgacgccgcctcggccgctccgtggacatgagcaacttcaccccgaactacctgccgtgggacgagcggttgtgcgccgtgcccaacggcgatctgtttaagacgctggcctcgggcgcggcgtcggtggtgaccgatcagatcgagaccttcaccgagaagggcatcctgtgcaagtccggccgggagatcgaggccgacatcatcgtcaccgcgaccggtctgaacatccagatgctgggcgggatgcgactcatcgtggacggcgccgaataccagctgccggagaagatgacctataagggtgtgctgctggaaaacgcccccaatctggcctggatcatcggctacaccaacgcgtcatggaccctgaagtccgacatcgccggcgcctacctgtgccggctgctgcggcacatggccgacaacggctacacggtggcaacgccgcgcgatgcgcaggactgcgcgctggacgttggcatgttcgaccagctgaactccggctatgtgaagcgcggccaggacatcatgccgcgccagggctccaagcatccgtggagggtgctcatgcactacgagaaggacgccaagatcctgctcgaagaccccatcgatgacggcgtgctgcacttcgccgcagcggcccaagaccacgcggcggcctga,None,None,-7,3448497,-7,False,-1495,tggagccatgaaccagcatttcgacgtcctgatcatcggcgccggcctatccggcatcgggacggcctgtcacgtgacggccgagttccccgacaagacaatcgccctcctggaacgacgggagcgcctgggcggcacctgggacttgttccgctacccgggagttcgttcggactccgacatgttcaccttcggctacaagttccgcccgtggcgcgacgtgaaggtgctcgccgacggcgcgtcgatccggcagtacatcgccgacaccgccacggagttcggcgtcgacgagaagattcactacggcctgaaggtcaacaccgccgagtggtcgagccggcagtgccgttggaccgtcgcgggcgtgcacgaggcgaccggcgaaacccggacctacacctgcgattacctcatcagctgcaccggctactacaactacgacgcgggttatctgccggacttccccggcgtgcaccggttcggcggccggtgcgtgcacccgcagcactggcccgaagacctcgattattccggcaagaaggtcgtcgtcatcggcagcggcgcaacggcggtcactttggttccggcgatggccggctccaaccccggcagtgccgcgcacgtgacgatgctgcagcgatccccgtcgtacatcttctcgctgccggcggtcgacaagatctccgaagtcctgggccgcttcctgccggatcgctgggtctacgagtttggccgcaggcgcaacatcgccatccagcgaaagctctaccaggcctgccggcgctggcccaagctgatgcggcgattgctgctgtgggaggtacgacgccgcctcggccgctccgtggacatgagcaacttcaccccgaactacctgccgtgggacgagcggttgtgcgccgtgcccaacggcgatctgtttaagacgctggcctcgggcgcggcgtcggtggtgaccgatcagatcgagaccttcaccgagaagggcatcctgtgcaagtccggccgggagatcgaggccgacatcatcgtcaccgcgaccggtctgaacatccagatgctgggcgggatgcgactcatcgtggacggcgccgaataccagctgccggagaagatgacctataagggtgtgctgctggaaaacgcccccaatctggcctggatcatcggctacaccaacgcgtcatggaccctgaagtccgacatcgccggcgcctacctgtgccggctgctgcggcacatggccgacaacggctacacggtggcaacgccgcgcgatgcgcaggactgcgcgctggacgttggcatgttcgaccagctgaactccggctatgtgaagcgcggccaggacatcatgccgcgccagggctccaagcatccgtggagggtgctcatgcactacgagaaggacgccaagatcctgctcgaagaccccatcgatgacggcgtgctgcacttcgccgcagcggcccaagaccacgcggcggcctga,,None,
final,Rv3083,del_0.98,None,None,,,,False,,None,,None,
final,Rv3083,t-7a:5,t,a,-7,3448497,-7,False,,None,,None,1.0
final,Rv3083,a-4g:5,a,g,-4,3448500,-4,False,,None,,None,1.0
final,Rv3083,g-3t:5,g,t,-3,3448501,-3,False,,None,,None,1.0
final,Rv3085,5_del_gctcattcgaaggcaaggtcgccgtcatcaccggggccggctcgggcatcggcagagcgttggcactcaacctctccgagaagcgcgcaaagcttgccctttccgatgtcgacaccgacgggctggccaaaaccgtgcgcctggctcaagcgctcggcgcgcaggtgaagtcggaccggctcgacgtcgccgaacgcgaggcggtgctggcccacgccgacgccgtcgtcgcacatttcggcaccgtgcaccaggtctacaacaacgccggcatcgcgtacaacggcaacgtcgacaagtcggagttcaaggacatcgagcgcatcatcgacgtcgacttctggggcgtcgtcaacggcaccaaagcctttctgccgcacgtgattgcctccggcgacggacacatcgtcaacatctccagcctgttcgggctgatcgcggtgcccgggcaaagcgcctacaacgcggccaagtt,None,None,,,5,True,-475,gctcattcgaaggcaaggtcgccgtcatcaccggggccggctcgggcatcggcagagcgttggcactcaacctctccgagaagcgcgcaaagcttgccctttccgatgtcgacaccgacgggctggccaaaaccgtgcgcctggctcaagcgctcggcgcgcaggtgaagtcggaccggctcgacgtcgccgaacgcgaggcggtgctggcccacgccgacgccgtcgtcgcacatttcggcaccgtgcaccaggtctacaacaacgccggcatcgcgtacaacggcaacgtcgacaagtcggagttcaaggacatcgagcgcatcatcgacgtcgacttctggggcgtcgtcaacggcaccaaagcctttctgccgcacgtgattgcctccggcgacggacacatcgtcaacatctccagcctgttcgggctgatcgcggtgcccgggcaaagcgcctacaacgcggccaagtt,,None,
final,Rv3085,del_0.57,None,None,,,,False,,None,,None,
final,Rv3113,Y81D,tat,gat,,,81,True,,None,81,D,1.0
final,Rv3123,L1V:19,ttg,gtg,,,1,True,,None,1,V,1.0
final,Rv3137,P168L,ccg,ctg,,,168,True,,None,168,L,1.0
final,Rv3161c,H211L,cat,ctt,,,211,True,,None,211,L,1.0
final,Rv3168,g-9a,g,a,-9,3536093,-9,False,,None,,None,1.0
final,Rv3168,R241R:12,cgc,cgg,,,241,True,,None,241,R,1.0
final,Rv3169,D27D,gac,gat,,,27,True,,None,27,D,1.0
final,Rv3169,R192R:5,cgg,cgc,,,192,True,,None,192,R,1.0
final,Rv3175,A168P:3,gcc,ccc,,,168,True,,None,168,P,1.0
final,Rv3188,G75S,ggc,agc,,,75,True,,None,75,S,1.0
final,Rv3190A,40_ins_g,None,None,,,40,True,1,g,,None,
final,Rv3193c,D230G:24,gat,ggt,,,230,True,,None,230,G,1.0
final,Rv3201c,V200G:10,gtc,ggc,,,200,True,,None,200,G,1.0
final,Rv3202c,A192P:8,gcc,ccc,,,192,True,,None,192,P,1.0
final,Rv3204,T34A,aca,gca,,,34,True,,None,34,A,1.0
final,Rv3208,D200E:7,gac,gaa,,,200,True,,None,200,E,1.0
final,Rv3213c,K144E,aag,gag,,,144,True,,None,144,E,1.0
final,Rv3228,A32A,gcg,gcc,,,32,True,,None,32,A,1.0
final,Rv3237c,a-33g,a,g,-33,3613636,-33,False,,None,,None,1.0
final,Rv3239c,G165A:5,ggc,gcc,,,165,True,,None,165,A,1.0
final,Rv3243c,V217V,gtt,gtg,,,217,True,,None,217,V,1.0
final,Rv3249c,A6V,gct,gtt,,,6,True,,None,6,V,1.0
final,Rv3254,P193A:11,ccg,gcg,,,193,True,,None,193,A,1.0
final,Rv3327,L208L,cta,ctg,,,208,True,,None,208,L,1.0
final,Rv3329,I423I,atc,ata,,,423,True,,None,423,I,1.0
final,Rv3333c,A204V,gcg,gtg,,,204,True,,None,204,V,1.0
final,Rv3335c,G265G,ggc,ggg,,,265,True,,None,265,G,1.0
final,Rv3361c,R78W,cgg,tgg,,,78,True,,None,78,W,1.0
final,Rv3363c,G42G:8,gga,ggg,,,42,True,,None,42,G,1.0
final,Rv3364c,V14G:14,gtg,ggg,,,14,True,,None,14,G,1.0
final,Rv3365c,P377P:8,ccc,ccg,,,377,True,,None,377,P,1.0
final,Rv3371,R99H,cgt,cat,,,99,True,,None,99,H,1.0
final,Rv3382c,D268G,gac,ggc,,,268,True,,None,268,G,1.0
final,Rv3399,A330E,gcg,gag,,,330,True,,None,330,E,1.0
final,Rv3403c,Y180Y,tac,tat,,,180,True,,None,180,Y,1.0
final,Rv3403c,V235V,gtt,gta,,,235,True,,None,235,V,1.0
final,Rv3415c,A268V,gcc,gtc,,,268,True,,None,268,V,1.0
final,Rv3421c,A145T,gcg,acg,,,145,True,,None,145,T,1.0
final,Rv3427c,c-82x,c,x,-82,3844722,-82,False,,None,,None,1.0
final,Rv3427c,F76X,ttc,xtc,,,76,True,,None,76,X,1.0
final,Rv3430c,P374P,ccc,cct,,,374,True,,None,374,P,1.0
final,Rv3440c,E28E,gag,gaa,,,28,True,,None,28,E,1.0
final,Rv3467,K315E:162,aaa,gaa,,,315,True,,None,315,E,1.0
final,Rv3467,949_del_gatt:160,None,None,,,949,True,-4,gatt,,None,
final,Rv3471c,G168G,ggc,gga,,,168,True,,None,168,G,1.0
final,Rv3479,L174R,ctc,cgc,,,174,True,,None,174,R,1.0
final,Rv3479,A863A,gca,gcg,,,863,True,,None,863,A,1.0
final,Rv3480c,I127T,atc,acc,,,127,True,,None,127,T,1.0
final,Rv3484,A358G:6,gca,gga,,,358,True,,None,358,G,1.0
final,Rv3485c,G69G:7,gga,ggg,,,69,True,,None,69,G,1.0
final,Rv3488,c-35a:26,c,a,-35,3907632,-35,False,,None,,None,1.0
final,Rv3502c,Q246E,cag,gag,,,246,True,,None,246,E,1.0
final,Rv3521,D242G,gac,ggc,,,242,True,,None,242,G,1.0
final,Rv3529c,A116P:7,gcc,ccc,,,116,True,,None,116,P,1.0
final,Rv3542c,N30T:14,aac,acc,,,30,True,,None,30,T,1.0
final,Rv3542c,A212S:8,gcc,tcc,,,212,True,,None,212,S,1.0
final,Rv3559c,A221G:8,gcg,ggg,,,221,True,,None,221,G,1.0
final,Rv3586,V134V,gtc,gtt,,,134,True,,None,134,V,1.0
final,Rv3591c,G16G:12,ggc,ggg,,,16,True,,None,16,G,1.0
final,Rv3604c,A187P:9,gcc,ccc,,,187,True,,None,187,P,1.0
final,Rv3640c,R383P:11,cgc,ccc,,,383,True,,None,383,P,1.0
final,Rv3649,A232A,gcc,gcg,,,232,True,,None,232,A,1.0
final,Rv3655c,299_del_c,None,None,,,299,True,-1,c,,None,
final,Rv3659c,G136G:7,ggc,ggg,,,136,True,,None,136,G,1.0
final,Rv3662c,L128F,ctt,ttt,,,128,True,,None,128,F,1.0
final,Rv3662c,A181G:12,gcc,ggc,,,181,True,,None,181,G,1.0
final,Rv3669,V159V,gtg,gtc,,,159,True,,None,159,V,1.0
final,Rv3683,T164P:8,acc,ccc,,,164,True,,None,164,P,1.0
final,Rv3716c,R101P:5,cgc,ccc,,,101,True,,None,101,P,1.0
final,Rv3719,T12A,acg,gcg,,,12,True,,None,12,A,1.0
final,Rv3726,P258A:3,ccg,gcg,,,258,True,,None,258,A,1.0
final,Rv3728,G181A:5,ggc,gcc,,,181,True,,None,181,A,1.0
final,Rv3729,V565G:6,gtc,ggc,,,565,True,,None,565,G,1.0
final,Rv3729,G673A:5,ggc,gcc,,,673,True,,None,673,A,1.0
final,Rv3736,A284A,gct,gcc,,,284,True,,None,284,A,1.0
final,Rv3737,D40G,gat,ggt,,,40,True,,None,40,G,1.0
final,Rv3737,I108V,atc,gtc,,,108,True,,None,108,V,1.0
final,Rv3766,622_del_caggacctcactccggttgacgcgatagcggtgatcaagaacgacgtggcggccatgctcgcggaatag,None,None,,,622,True,-69,caggacctcactccggttgacgcgatagcggtgatcaagaacgacgtggcggccatgctcgcggaatag,,None,
final,Rv3767c,-65_del_ggcccctcggcggctggaagaatagtttgcaaaactgacgtttccggcctgggggaggattaactgtgccgcggaccgacaacgattcctgggccattaccgagagcgtgggcgccaccgcactgggtgtggcggcggcgcgtgcggccgagaccgagagcgacaacccattgatcaacgatccgttcgcgcggatctttgtggacgcggccggcgacgggatatggagcatgtacacgaatcgcacgttgctggccggtgcgaccgacctcgacccggacctgcgggcgccgatacagcagatgatcgatttcatggccgcccggaccgcgtttttcgacgagtatttcctggctaccgccgacgctggggtgaggcaagtagtgatcctcgcctcgggcctggactcgcgtgcctggcggctgccctggccggacggcaccgtggtgtacgagctggaccagcccaaggtgctggaattcaaatcagccacgttgcgccagcatggcgcgcagccggcttcgcagctggtgaacgttcccatagaccttcgtcaggactggccaaaggcactgcagaaagccggatttgacccatcgaagccgtgtgcgtggttagccgaagggttggtgcggtacctgccggcgcgggctcaggatctgttgttcgagcgtatcgatgcgctcagcaggccgggcagttggttggcgtccaacgtccccggcgccggttttctcgaccctgagcgaatgcgacgccagcgtgcggacatgcggcggatgcgggccgcggcagccaagctggtcgaaactgagatatcagatgtcgatgacctctggtatgcagagcagcgcaccgcggtcgccgagtggctgcgtgaacgtggctgggacgtgtcgacggcaacgttgcccgagctgctggctcggtatggccgcagcatccctcacagtggcgaagactcaatcccgccaaaccttttcgtatccgcgcagcgggccacgagctg,None,None,-65,4214005,-65,False,-1009,ggcccctcggcggctggaagaatagtttgcaaaactgacgtttccggcctgggggaggattaactgtgccgcggaccgacaacgattcctgggccattaccgagagcgtgggcgccaccgcactgggtgtggcggcggcgcgtgcggccgagaccgagagcgacaacccattgatcaacgatccgttcgcgcggatctttgtggacgcggccggcgacgggatatggagcatgtacacgaatcgcacgttgctggccggtgcgaccgacctcgacccggacctgcgggcgccgatacagcagatgatcgatttcatggccgcccggaccgcgtttttcgacgagtatttcctggctaccgccgacgctggggtgaggcaagtagtgatcctcgcctcgggcctggactcgcgtgcctggcggctgccctggccggacggcaccgtggtgtacgagctggaccagcccaaggtgctggaattcaaatcagccacgttgcgccagcatggcgcgcagccggcttcgcagctggtgaacgttcccatagaccttcgtcaggactggccaaaggcactgcagaaagccggatttgacccatcgaagccgtgtgcgtggttagccgaagggttggtgcggtacctgccggcgcgggctcaggatctgttgttcgagcgtatcgatgcgctcagcaggccgggcagttggttggcgtccaacgtccccggcgccggttttctcgaccctgagcgaatgcgacgccagcgtgcggacatgcggcggatgcgggccgcggcagccaagctggtcgaaactgagatatcagatgtcgatgacctctggtatgcagagcagcgcaccgcggtcgccgagtggctgcgtgaacgtggctgggacgtgtcgacggcaacgttgcccgagctgctggctcggtatggccgcagcatccctcacagtggcgaagactcaatcccgccaaaccttttcgtatccgcgcagcgggccacgagctg,,None,
final,Rv3767c,del_0.94,None,None,,,,False,,None,,None,
final,Rv3768,-65_del_ccgcgcgctcgtcaagagtgtcctacgctttctcccagatggtctacaggttgcagaggagcgcgatggggtccacgccgccacgtacgccgcaggaggtattcgcccaccacggccaggcgctcgccgcgggcgacctcgatgagatcgtcgccgactacgccgacgactcctttgtcatcactccggccggtatcgcgcgcggcaaggaaggtattcgccaactgttcgtcaagttgctcgacgacataccaaacgcactgtgggacttaaagacccaaatcttcgagggcgacatactgttcctggagtggaccgcgaattccgcggtcagccgagtcgacgacggagtcgatactttcgtattccgagacggcacgatctgggcgcataccgtccggtacaccccgcaccccaagacctga,None,None,-65,4214005,-65,False,-425,ccgcgcgctcgtcaagagtgtcctacgctttctcccagatggtctacaggttgcagaggagcgcgatggggtccacgccgccacgtacgccgcaggaggtattcgcccaccacggccaggcgctcgccgcgggcgacctcgatgagatcgtcgccgactacgccgacgactcctttgtcatcactccggccggtatcgcgcgcggcaaggaaggtattcgccaactgttcgtcaagttgctcgacgacataccaaacgcactgtgggacttaaagacccaaatcttcgagggcgacatactgttcctggagtggaccgcgaattccgcggtcagccgagtcgacgacggagtcgatactttcgtattccgagacggcacgatctgggcgcataccgtccggtacaccccgcaccccaagacctga,,None,
final,Rv3768,del_0.85,None,None,,,,False,,None,,None,
final,Rv3769,-100_del_tacccccagggggcgcgttcctcgccgcgcacgaagtcggtaggttgcagccgcactttgcggaggaaccgcctgctgatctgccggataggatgagcccgtgacgacgctgaaggagcttggagcacgggtcgccgctctggaagcgaaccaggccgactatcgagccgtcctcgcggccgtcaacccgccgggcgccaaccagcgagaaatcgcgacgaccgtccgggaacacaccggacgactggaccgcgtgacgaccaaagtcggccagctcgcggccaagtccgacgacaccaatgcgcgggtgcggtctctggaagagggacaggccgagatcaaggaccttctgctccgcgccctcgacaagtga,None,None,-100,4214515,-100,False,-373,tacccccagggggcgcgttcctcgccgcgcacgaagtcggtaggttgcagccgcactttgcggaggaaccgcctgctgatctgccggataggatgagcccgtgacgacgctgaaggagcttggagcacgggtcgccgctctggaagcgaaccaggccgactatcgagccgtcctcgcggccgtcaacccgccgggcgccaaccagcgagaaatcgcgacgaccgtccgggaacacaccggacgactggaccgcgtgacgaccaaagtcggccagctcgcggccaagtccgacgacaccaatgcgcgggtgcggtctctggaagagggacaggccgagatcaaggaccttctgctccgcgccctcgacaagtga,,None,
final,Rv3769,del_0.73,None,None,,,,False,,None,,None,
final,Rv3776,L134L,ctc,ctg,,,134,True,,None,134,L,1.0
final,Rv3776,M329V,atg,gtg,,,329,True,,None,329,V,1.0
final,Rv3777,L63L,cta,ctg,,,63,True,,None,63,L,1.0
final,Rv3786c,R254R:3,cgg,cgc,,,254,True,,None,254,R,1.0
final,Rv3798,-62_ins_tc,None,None,-62,4252931,-62,False,2,tc,,None,
final,Rv3802c,G295A:9,ggc,gcc,,,295,True,,None,295,A,1.0
final,Rv3811,T281T:14,acc,aca,,,281,True,,None,281,T,1.0
final,Rv3818,S164S,tcg,tca,,,164,True,,None,164,S,1.0
final,Rv3818,A291T,gcc,acc,,,291,True,,None,291,T,1.0
final,Rv3827c,T252A,acg,gcg,,,252,True,,None,252,A,1.0
final,Rv3831,S133S,agc,agt,,,133,True,,None,133,S,1.0
final,Rv3832c,N73T:12,aac,acc,,,73,True,,None,73,T,1.0
final,Rv3833,T251P:3,acc,ccc,,,251,True,,None,251,P,1.0
final,Rv3896c,Q193K,caa,aaa,,,193,True,,None,193,K,1.0
final,Rv3896c,A266A,gca,gcg,,,266,True,,None,266,A,1.0
final,Rv3897c,496_ins_ccccg,None,None,,,496,True,5,ccccg,,None,
final,Rv3910,H595Q:9,cac,cag,,,595,True,,None,595,Q,1.0
final,Rv3921c,F250S:28,ttc,tcc,,,250,True,,None,250,S,1.0
final,TB18.5,P132P:17,ccc,ccg,,,132,True,,None,132,P,1.0
final,TB9.4,V64A,gtc,gcc,,,64,True,,None,64,A,1.0
final,accA2,A253G:9,gcg,ggg,,,253,True,,None,253,G,1.0
final,accD1,V137A,gtc,gcc,,,137,True,,None,137,A,1.0
final,accD6,D200D,gat,gac,,,200,True,,None,200,D,1.0
final,acn,F627S,ttt,tct,,,627,True,,None,627,S,1.0
final,acrA1,D616A,gac,gcc,,,616,True,,None,616,A,1.0
final,acs,L383V:13,ctg,gtg,,,383,True,,None,383,V,1.0
final,add,R290P:15,cgg,ccg,,,290,True,,None,290,P,1.0
final,adhA,-21_ins_g,None,None,-21,2109523,-21,False,1,g,,None,
final,aftA,V375G:10,gtg,ggg,,,375,True,,None,375,G,1.0
final,aftA,Q485Q:7,cag,caa,,,485,True,,None,485,Q,1.0
final,aftC,A224G:7,gct,ggt,,,224,True,,None,224,G,1.0
final,aftD,P360P,cct,ccg,,,360,True,,None,360,P,1.0
final,aftD,A1003G:7,gcc,ggc,,,1003,True,,None,1003,G,1.0
final,aglA,R34G:10,cga,gga,,,34,True,,None,34,G,1.0
final,aglA,A492G:12,gcc,ggc,,,492,True,,None,492,G,1.0
final,aldA,L420F:10,ttg,ttt,,,420,True,,None,420,F,1.0
final,alkA,59_del_acggctggttcg,None,None,,,59,True,-12,acggctggttcg,,None,
final,amiA1,A12T:7,gcc,acc,,,12,True,,None,12,T,1.0
final,amiA2,A474G:12,gcg,ggg,,,474,True,,None,474,G,1.0
final,amiB2,V260V,gtt,gtg,,,260,True,,None,260,V,1.0
final,amt,Y244D:8,tac,gac,,,244,True,,None,244,D,1.0
final,ansP2,C391F:8,tgc,ttc,,,391,True,,None,391,F,1.0
final,apt,A147E,gcg,gag,,,147,True,,None,147,E,1.0
final,aroF,P83S,ccc,tcc,,,83,True,,None,83,S,1.0
final,atpA,G115A:6,ggc,gcc,,,115,True,,None,115,A,1.0
final,atpF,c-12t,c,t,-12,1461309,-12,False,,None,,None,1.0
final,atsA,G743G:7,ggt,ggg,,,743,True,,None,743,G,1.0
final,atsA,S747P:14,tcc,ccc,,,747,True,,None,747,P,1.0
final,bioD,M191T,atg,acg,,,191,True,,None,191,T,1.0
final,bioF2,E189Q,gag,cag,,,189,True,,None,189,Q,1.0
final,bkdC,T107A,acc,gcc,,,107,True,,None,107,A,1.0
final,bkdC,L230L,ttg,tta,,,230,True,,None,230,L,1.0
final,blaI,T138T,act,acc,,,138,True,,None,138,T,1.0
final,bpoA,a-46t,a,t,-46,3890779,-46,False,,None,,None,1.0
final,bpoC,A119P:5,gcc,ccc,,,119,True,,None,119,P,1.0
final,cbs,S21Y,tcc,tac,,,21,True,,None,21,Y,1.0
final,cbs,G384V:5,ggt,gtt,,,384,True,,None,384,V,1.0
final,cdsA,V301I,gtc,atc,,,301,True,,None,301,I,1.0
final,ceoC,D191E:12,gac,gag,,,191,True,,None,191,E,1.0
final,cfp6,a-10g,a,g,-10,3363338,-10,False,,None,,None,1.0
final,cinA,P401A:20,ccc,gcc,,,401,True,,None,401,A,1.0
final,citA,a-46c:18,a,c,-46,989907,-46,False,,None,,None,1.0
final,citE,T87M,acg,atg,,,87,True,,None,87,M,1.0
final,clpB,T23P:6,acc,ccc,,,23,True,,None,23,P,1.0
final,clpB,A777G:11,gcg,ggg,,,777,True,,None,777,G,1.0
final,clpC1,D326N,gac,aac,,,326,True,,None,326,N,1.0
final,clpC1,G258V:10,ggt,gtt,,,258,True,,None,258,V,1.0
final,cobD,A117G:4,gcg,ggg,,,117,True,,None,117,G,1.0
final,cobK,R98P:20,cgc,ccc,,,98,True,,None,98,P,1.0
final,cobQ1,R260P:12,cgc,ccc,,,260,True,,None,260,P,1.0
final,cobQ1,G327G:10,ggc,ggg,,,327,True,,None,327,G,1.0
final,cobT,R353Q,cgg,cag,,,353,True,,None,353,Q,1.0
final,cobT,A14G:3,gcc,ggc,,,14,True,,None,14,G,1.0
final,corA,K139E,aaa,gaa,,,139,True,,None,139,E,1.0
final,cstA,R559S,cgt,agt,,,559,True,,None,559,S,1.0
final,ctaD,A13A,gcc,gct,,,13,True,,None,13,A,1.0
final,ctpB,L22S,ttg,tcg,,,22,True,,None,22,S,1.0
final,ctpH,C67G,tgt,ggt,,,67,True,,None,67,G,1.0
final,ctpH,M689V,atg,gtg,,,689,True,,None,689,V,1.0
final,ctpI,4711_ins_t,None,None,,,4711,True,1,t,,None,
final,ctpV,T395T,acc,aca,,,395,True,,None,395,T,1.0
final,ctpV,A721G:14,gcc,ggc,,,721,True,,None,721,G,1.0
final,cut1,g-13x,g,x,-13,1989029,-13,False,,None,,None,1.0
final,cut1,M1S,atg,tca,,,1,True,,None,1,S,3.0
final,cya,S265I,agt,att,,,265,True,,None,265,I,1.0
final,cycA,R93L,cgg,ctg,,,93,True,,None,93,L,1.0
final,cyp135A1,D447A:9,gac,gcc,,,447,True,,None,447,A,1.0
final,cyp135B1,N385T:6,aac,acc,,,385,True,,None,385,T,1.0
final,cyp136,c-25t,c,t,-25,3419467,-25,False,,None,,None,1.0
final,cyp137,P35L,ccg,ctg,,,35,True,,None,35,L,1.0
final,cyp138,T385P:10,acc,ccc,,,385,True,,None,385,P,1.0
final,cyp141,K157E,aaa,gaa,,,157,True,,None,157,E,1.0
final,cysT,A45G:13,gcc,ggc,,,45,True,,None,45,G,1.0
final,dfp,R204R:7,cgc,cgg,,,204,True,,None,204,R,1.0
final,dgt,V18G:9,gta,gga,,,18,True,,None,18,G,1.0
final,dipZ,L613L,ctg,ctc,,,613,True,,None,613,L,1.0
final,dipZ,Y672D,tat,gat,,,672,True,,None,672,D,1.0
final,dnaB,P529L,ccg,ctg,,,529,True,,None,529,L,1.0
final,dnaB,R552G,agg,ggg,,,552,True,,None,552,G,1.0
final,dnaE2,C179Y,tgc,tac,,,179,True,,None,179,Y,1.0
final,dnaK,A58A,gca,gcg,,,58,True,,None,58,A,1.0
final,dnaQ,V211L,gtg,ttg,,,211,True,,None,211,L,1.0
final,drrA,L297L:10,cta,tta,,,297,True,,None,297,L,1.0
final,dxs1,L233M,ctg,atg,,,233,True,,None,233,M,1.0
final,eccA2,A189A,gcc,gcg,,,189,True,,None,189,A,1.0
final,eccB3,S141S,agc,agt,,,141,True,,None,141,S,1.0
final,eccB3,G478G:7,gga,ggg,,,478,True,,None,478,G,1.0
final,eccC2,R258P,cgc,ccc,,,258,True,,None,258,P,1.0
final,eccC3,P214R,ccg,cgg,,,214,True,,None,214,R,1.0
final,eccC3,P774A:9,ccg,gcg,,,774,True,,None,774,A,1.0
final,eccC4,F1176L:10,ttc,ttg,,,1176,True,,None,1176,L,1.0
final,eccC5,S1204S,agt,agc,,,1204,True,,None,1204,S,1.0
final,eccD1,L368L,ctg,ctc,,,368,True,,None,368,L,1.0
final,eccD3,Q261H:4,cag,cac,,,261,True,,None,261,H,1.0
final,eccE1,T417I,acc,atc,,,417,True,,None,417,I,1.0
final,eccE2,S151S:14,tcg,tcc,,,151,True,,None,151,S,1.0
final,eccE3,N217D,aat,gat,,,217,True,,None,217,D,1.0
final,echA1,V16V,gta,gtc,,,16,True,,None,16,V,1.0
final,echA14,A79A:20,gcc,gcg,,,79,True,,None,79,A,1.0
final,echA15,G245E,ggg,gag,,,245,True,,None,245,E,1.0
final,echA15,A210P:17,gcc,ccc,,,210,True,,None,210,P,1.0
final,echA19,G86D,ggc,gac,,,86,True,,None,86,D,1.0
final,echA21,P32P,ccc,cct,,,32,True,,None,32,P,1.0
final,echA7,E47V,gaa,gta,,,47,True,,None,47,V,1.0
final,egtD,S75F:10,tcc,ttc,,,75,True,,None,75,F,1.0
final,embC,R927R,cgc,cgt,,,927,True,,None,927,R,1.0
final,embC,V987G:7,gtg,ggg,,,987,True,,None,987,G,1.0
final,ephE,C206R,tgc,cgc,,,206,True,,None,206,R,1.0
final,espA,T192I,acc,atc,,,192,True,,None,192,I,1.0
final,espK,442_del_g,None,None,,,442,True,-1,g,,None,
final,espK,G322G:5,ggc,ggg,,,322,True,,None,322,G,1.0
final,fadA2,V126G:3,gtg,ggg,,,126,True,,None,126,G,1.0
final,fadA2,D131A:6,gac,gcc,,,131,True,,None,131,A,1.0
final,fadD10,S497S:7,tcc,tcg,,,497,True,,None,497,S,1.0
final,fadD13,A302A,gca,gcg,,,302,True,,None,302,A,1.0
final,fadD13,L432F:11,ttg,ttt,,,432,True,,None,432,F,1.0
final,fadD15,V334G:14,gtc,ggc,,,334,True,,None,334,G,1.0
final,fadD2,E350A,gag,gcg,,,350,True,,None,350,A,1.0
final,fadD25,S304R:15,agc,agg,,,304,True,,None,304,R,1.0
final,fadD5,834_ins_tttctggttcccgcgca,None,None,,,834,True,17,tttctggttcccgcgca,,None,
final,fadD9,F273V:20,ttc,gtc,,,273,True,,None,273,V,1.0
final,fadE1,S390L,tca,tta,,,390,True,,None,390,L,1.0
final,fadE13,A45P:5,gcc,ccc,,,45,True,,None,45,P,1.0
final,fadE18,242_del_c,None,None,,,242,True,-1,c,,None,
final,fadE18,A261V,gcg,gtg,,,261,True,,None,261,V,1.0
final,fadE20,c-77g:7,c,g,-77,3037368,-77,False,,None,,None,1.0
final,fadE22,R40P:5,cgc,ccc,,,40,True,,None,40,P,1.0
final,fadE27,Y143!:7,tac,taa,,,143,True,,None,143,!,1.0
final,fadE33,A259G:4,gcc,ggc,,,259,True,,None,259,G,1.0
final,fadE34,W433G:4,tgg,ggg,,,433,True,,None,433,G,1.0
final,fadE34,G616G:15,ggc,ggg,,,616,True,,None,616,G,1.0
final,fbiB,G141R:8,ggc,cgc,,,141,True,,None,141,R,1.0
final,ffh,R35R,cgt,cgg,,,35,True,,None,35,R,1.0
final,fgd2,V59G:7,gtg,ggg,,,59,True,,None,59,G,1.0
final,fhaA,G372G:12,ggc,ggg,,,372,True,,None,372,G,1.0
final,fixA,K264Q,aaa,caa,,,264,True,,None,264,Q,1.0
final,fmt,G42G:4,ggc,ggg,,,42,True,,None,42,G,1.0
final,folD,-57_del_g,None,None,-57,3770706,-57,False,-1,g,,None,
final,frdA,S524S,tcg,tct,,,524,True,,None,524,S,1.0
final,frdC,M40V,atg,gtg,,,40,True,,None,40,V,1.0
final,ftsW,P436P:3,ccc,ccg,,,436,True,,None,436,P,1.0
final,fum,A117T,gcg,acg,,,117,True,,None,117,T,1.0
final,fusA2,N562S,aat,agt,,,562,True,,None,562,S,1.0
final,gabD1,Y175S:8,tac,tcc,,,175,True,,None,175,S,1.0
final,galU,Q235R,cag,cgg,,,235,True,,None,235,R,1.0
final,gatB,G343G,ggc,ggt,,,343,True,,None,343,G,1.0
final,gcpE,A366G:6,gcc,ggc,,,366,True,,None,366,G,1.0
final,gdh,S1043G,agc,ggc,,,1043,True,,None,1043,G,1.0
final,ggtA,Q508K:15,caa,aaa,,,508,True,,None,508,K,1.0
final,glfT2,Y523!:13,tac,taa,,,523,True,,None,523,!,1.0
final,glmS,D148E,gac,gag,,,148,True,,None,148,E,1.0
final,glmS,R10G:12,cgg,ggg,,,10,True,,None,10,G,1.0
final,glmS,A180P:9,gcc,ccc,,,180,True,,None,180,P,1.0
final,glnA3,L283L,cta,ctg,,,283,True,,None,283,L,1.0
final,glnQ,Y18D:12,tac,gac,,,18,True,,None,18,D,1.0
final,glpD1,T362P:8,acc,ccc,,,362,True,,None,362,P,1.0
final,gltA2,V244G:17,gtt,ggt,,,244,True,,None,244,G,1.0
final,gltB,A489A:9,gcc,gcg,,,489,True,,None,489,A,1.0
final,glyA1,V36A,gta,gca,,,36,True,,None,36,A,1.0
final,gmdA,D332E:13,gac,gaa,,,332,True,,None,332,E,1.0
final,gpdA1,G245G:9,ggt,ggg,,,245,True,,None,245,G,1.0
final,gpdA2,P133A,ccg,gcg,,,133,True,,None,133,A,1.0
final,gpdA2,D307N,gac,aac,,,307,True,,None,307,N,1.0
final,gpgP,R48R:8,cgg,cgc,,,48,True,,None,48,R,1.0
final,groEL1,D51D,gac,gat,,,51,True,,None,51,D,1.0
final,gyrA,E21Q,gag,cag,,,21,True,,None,21,Q,1.0
final,gyrA,V278V,gtc,gtt,,,278,True,,None,278,V,1.0
final,helZ,P601Q,ccg,cag,,,601,True,,None,601,Q,1.0
final,hemK,R194C,cgc,tgc,,,194,True,,None,194,C,1.0
final,hemN,226_ins_g,None,None,,,226,True,1,g,,None,
final,hemN,R207P:18,cgc,ccc,,,207,True,,None,207,P,1.0
final,hisC2,S85S:11,tcg,tcc,,,85,True,,None,85,S,1.0
final,hisH,S201N,agc,aac,,,201,True,,None,201,N,1.0
final,hsaD,R230A:11,cgc,gcc,,,230,True,,None,230,A,2.0
final,hsaE,A15V,gca,gta,,,15,True,,None,15,V,1.0
final,htrA,-38_ins_g,None,None,-38,1365837,-38,False,1,g,,None,
final,icl1,A148G:12,gcg,ggg,,,148,True,,None,148,G,1.0
final,ideR,c-77g:5,c,g,-77,3023488,-77,False,,None,,None,1.0
final,idsB,R43R:30,cgc,cgg,,,43,True,,None,43,R,1.0
final,idsB,A289A:9,gca,gcc,,,289,True,,None,289,A,1.0
final,ilvB1,R239R:8,cgc,cga,,,239,True,,None,239,R,1.0
final,ispE,A112A,gcg,gca,,,112,True,,None,112,A,1.0
final,kdpC,S125S:11,tcg,tcc,,,125,True,,None,125,S,1.0
final,kdpD,P368S,ccc,tcc,,,368,True,,None,368,S,1.0
final,kdpD,G742R,gga,aga,,,742,True,,None,742,R,1.0
final,ksgA,A170P:11,gcc,ccc,,,170,True,,None,170,P,1.0
final,ldtB,G98G:5,ggc,gga,,,98,True,,None,98,G,1.0
final,lepA,T25I,acc,atc,,,25,True,,None,25,I,1.0
final,leuS,R223G:16,cga,gga,,,223,True,,None,223,G,1.0
final,ligA,A595G:8,gcc,ggc,,,595,True,,None,595,G,1.0
final,ligA,S622S:9,tcg,tcc,,,622,True,,None,622,S,1.0
final,ligB,P91S,ccg,tcg,,,91,True,,None,91,S,1.0
final,ligB,A165G:7,gcg,ggg,,,165,True,,None,165,G,1.0
final,lipG,H25P:9,cac,ccc,,,25,True,,None,25,P,1.0
final,lipI,R47P:14,cgc,ccc,,,47,True,,None,47,P,1.0
final,lipJ,S137S:14,tcg,tcc,,,137,True,,None,137,S,1.0
final,lipR,-6_del_agcatcatgaacctgcgcaaaaacgtcatccggtccgtattacgtggtgcccggccactgttcgcttcccgccggctgggtattgccggccgtcgagtcctgctggcgacgctgacggccggcgcgcgcgcccccaagggcacccgctttcagcgcgtcagcatcgccggtgtcccggtccagcgggtgcaacccccccatgcggcaaccagcgggacgctgatctacctgcacggcggtgcctacgccctgggcagcgcccggggctaccgcggcctggccgcccagctcgcggcggcggccggaatgacggcgctggtccccgactacacccgcgcaccgcacgcccactatccagtggccctcgaagagatggctgcggtgtacacccgcttgctcgacgacgggctcgacccgaaaacgaccgtcatcgccggtgattcggctggcggagggttgaccctggcgctggccatggcgctgcgcgatcgcggcatccaggccccggccgcactcggcctgatctgcccgtgggccgatctcgccgtcgacatcgaagcgacgcgaccggcgctgcgcgatccgctcattcttccgtcgatgtgcaccgaatgggcgccgcgctacgt,None,None,-6,3449991,-6,False,-629,agcatcatgaacctgcgcaaaaacgtcatccggtccgtattacgtggtgcccggccactgttcgcttcccgccggctgggtattgccggccgtcgagtcctgctggcgacgctgacggccggcgcgcgcgcccccaagggcacccgctttcagcgcgtcagcatcgccggtgtcccggtccagcgggtgcaacccccccatgcggcaaccagcgggacgctgatctacctgcacggcggtgcctacgccctgggcagcgcccggggctaccgcggcctggccgcccagctcgcggcggcggccggaatgacggcgctggtccccgactacacccgcgcaccgcacgcccactatccagtggccctcgaagagatggctgcggtgtacacccgcttgctcgacgacgggctcgacccgaaaacgaccgtcatcgccggtgattcggctggcggagggttgaccctggcgctggccatggcgctgcgcgatcgcggcatccaggccccggccgcactcggcctgatctgcccgtgggccgatctcgccgtcgacatcgaagcgacgcgaccggcgctgcgcgatccgctcattcttccgtcgatgtgcaccgaatgggcgccgcgctacgt,,None,
final,lipR,631_del_tccgatccgcggctgcccggtatctccccggtctacggcgacatgagcggcctgccgcccatcgtcatgcagaccgcgggcgacgatccgatctgcgttgacgcggacaagatcgaaaccgcctgcgccgcttcgaaaacaagcatcgagcatcgccggttcgcgggcatgtggcacgacttccatctgcaggtcagtctgctccccgaagcccgcgacgcgatcgccgacctcggggcaaggctgcgcggccacctccaccaatcgcagggacaaccacggggagtagtcaa,None,None,,,631,True,-293,tccgatccgcggctgcccggtatctccccggtctacggcgacatgagcggcctgccgcccatcgtcatgcagaccgcgggcgacgatccgatctgcgttgacgcggacaagatcgaaaccgcctgcgccgcttcgaaaacaagcatcgagcatcgccggttcgcgggcatgtggcacgacttccatctgcaggtcagtctgctccccgaagcccgcgacgcgatcgccgacctcggggcaaggctgcgcggccacctccaccaatcgcagggacaaccacggggagtagtcaa,,None,
final,lipR,del_0.98,None,None,,,,False,,None,,None,
final,lipV,-1_del_t,None,None,-1,3580637,-1,False,-1,t,,None,
final,lpdA,C472!,tgc,tga,,,472,True,,None,472,!,1.0
final,lppF,G133G:18,ggc,gga,,,133,True,,None,133,G,1.0
final,lppP,58_del_ttggcactg,None,None,,,58,True,-9,ttggcactg,,None,
final,lppP,V67M,gtg,atg,,,67,True,,None,67,M,1.0
final,lppY,M212L,atg,ttg,,,212,True,,None,212,L,1.0
final,lpqB,A349P:6,gcc,ccc,,,349,True,,None,349,P,1.0
final,lpqF,A159V,gcg,gtg,,,159,True,,None,159,V,1.0
final,lpqI,G114G:6,ggt,ggg,,,114,True,,None,114,G,1.0
final,lpqJ,E152E,gag,gaa,,,152,True,,None,152,E,1.0
final,lpqP,!281R,tga,cga,,,281,True,,None,281,R,1.0
final,lpqP,F68V:5,ttc,gtc,,,68,True,,None,68,V,1.0
final,lpqS,A70P:10,gcg,ccg,,,70,True,,None,70,P,1.0
final,lpqV,171_ins_c,None,None,,,171,True,1,c,,None,
final,lpqZ,L150L:6,ctg,ctc,,,150,True,,None,150,L,1.0
final,lprC,G79G,ggc,gga,,,79,True,,None,79,G,1.0
final,lprM,Y359D,tat,gat,,,359,True,,None,359,D,1.0
final,lprP,P186L,ccc,ctc,,,186,True,,None,186,L,1.0
final,ltp2,A147A,gcc,gcg,,,147,True,,None,147,A,1.0
final,ltp4,T324I,acc,atc,,,324,True,,None,324,I,1.0
final,lysX,L1017F:7,ttg,ttt,,,1017,True,,None,1017,F,1.0
final,mak,S18P,tcg,ccg,,,18,True,,None,18,P,1.0
final,malQ,L36L,ttg,ctg,,,36,True,,None,36,L,1.0
final,manA,D91E:8,gac,gag,,,91,True,,None,91,E,1.0
final,mbtB,P610L,ccg,ctg,,,610,True,,None,610,L,1.0
final,mbtD,A821A,gcc,gcg,,,821,True,,None,821,A,1.0
final,mbtF,G1045G:10,ggc,ggg,,,1045,True,,None,1045,G,1.0
final,mce1F,L370P,ctg,ccg,,,370,True,,None,370,P,1.0
final,mce2A,F51S,ttc,tcc,,,51,True,,None,51,S,1.0
final,mce2C,L469L,ctt,ctg,,,469,True,,None,469,L,1.0
final,mce3C,G379G,ggc,ggt,,,379,True,,None,379,G,1.0
final,mce3C,T350P:4,acc,ccc,,,350,True,,None,350,P,1.0
final,mce3F,A396E,gcg,gag,,,396,True,,None,396,E,1.0
final,mce4F,G401G:6,ggt,ggc,,,401,True,,None,401,G,1.0
final,mcr,A280G:6,gcg,ggg,,,280,True,,None,280,G,1.0
final,menH,R41G:7,cga,gga,,,41,True,,None,41,G,1.0
final,metB,L160L,cta,ctg,,,160,True,,None,160,L,1.0
final,metB,G198G:20,ggc,ggg,,,198,True,,None,198,G,1.0
final,metH,c-16t,c,t,-16,2386083,-16,False,,None,,None,1.0
final,metH,A310G:10,gcc,ggc,,,310,True,,None,310,G,1.0
final,metK,A276P:6,gcc,ccc,,,276,True,,None,276,P,1.0
final,metS,R39G,cgc,ggc,,,39,True,,None,39,G,1.0
final,mmpL1,R620G,cgg,ggg,,,620,True,,None,620,G,1.0
final,mmpL10,D539E,gac,gaa,,,539,True,,None,539,E,1.0
final,mmpL2,R426H,cgc,cac,,,426,True,,None,426,H,1.0
final,mmpL4,L97L,ctt,ctc,,,97,True,,None,97,L,1.0
final,mmpL5,Q530H,cag,cat,,,530,True,,None,530,H,1.0
final,mmpL5,I948V,att,gtt,,,948,True,,None,948,V,1.0
final,mmpL6,V296G:10,gtg,ggg,,,296,True,,None,296,G,1.0
final,mmsA,g-85c:6,g,c,-85,846038,-85,False,,None,,None,1.0
final,mmsA,A187G:9,gcc,ggc,,,187,True,,None,187,G,1.0
final,mmuM,Y125C,tac,tgc,,,125,True,,None,125,C,1.0
final,moaA2,G97G:5,ggc,ggg,,,97,True,,None,97,G,1.0
final,moaA2,A167S:5,gcg,tcg,,,167,True,,None,167,S,1.0
final,moaE2,V35V,gtc,gtt,,,35,True,,None,35,V,1.0
final,moeW,-99_del_c,None,None,-99,2614162,-99,False,-1,c,,None,
final,mpt64,D195E,gac,gaa,,,195,True,,None,195,E,1.0
final,mrr,T166T,acc,act,,,166,True,,None,166,T,1.0
final,mrsA,A437G:4,gcg,ggg,,,437,True,,None,437,G,1.0
final,mscL,I43S,atc,agc,,,43,True,,None,43,S,1.0
final,mtc28,P133P,ccc,ccg,,,133,True,,None,133,P,1.0
final,mtrB,M260V,atg,gtg,,,260,True,,None,260,V,1.0
final,murC,V13G:5,gtg,ggg,,,13,True,,None,13,G,1.0
final,murD,R247G,cgg,ggg,,,247,True,,None,247,G,1.0
final,murX,Y65Y,tac,tat,,,65,True,,None,65,Y,1.0
final,mutT4,R95R,cgg,cga,,,95,True,,None,95,R,1.0
final,mycP2,A233V,gcc,gtc,,,233,True,,None,233,V,1.0
final,mycP3,W81L:13,tgg,ttg,,,81,True,,None,81,L,1.0
final,mycP3,R356P:6,cgc,ccc,,,356,True,,None,356,P,1.0
final,nadA,V28G:14,gtt,ggt,,,28,True,,None,28,G,1.0
final,nadD,a-44c,a,c,-44,2718852,-44,False,,None,,None,1.0
final,nrdB,H33D,cat,gat,,,33,True,,None,33,D,1.0
final,nrdB,S18T:8,agc,acc,,,18,True,,None,18,T,1.0
final,nrp,V2000V,gtt,gtg,,,2000,True,,None,2000,V,1.0
final,nrp,E2177G:11,gag,ggg,,,2177,True,,None,2177,G,1.0
final,nuoF,L311L,ctg,ttg,,,311,True,,None,311,L,1.0
final,nuoG,T604A,acg,gcg,,,604,True,,None,604,A,1.0
final,nuoG,L262L:10,ctg,ttg,,,262,True,,None,262,L,1.0
final,nuoM,A449G:13,gcg,ggg,,,449,True,,None,449,G,1.0
final,nusG,A135A,gca,gcg,,,135,True,,None,135,A,1.0
final,opcA,H193Q:9,cac,cag,,,193,True,,None,193,Q,1.0
final,otsB1,a-3g,a,g,-3,2251999,-3,False,,None,,None,1.0
final,oxcA,S330S:13,tcg,tcc,,,330,True,,None,330,S,1.0
final,papA1,G468R,ggc,cgc,,,468,True,,None,468,R,1.0
final,pbpA,N204N:7,aat,aac,,,204,True,,None,204,N,1.0
final,pbpB,R135P:6,cgc,ccc,,,135,True,,None,135,P,1.0
final,pca,S478S:14,tcg,tcc,,,478,True,,None,478,S,1.0
final,pca,G707G:10,gga,ggg,,,707,True,,None,707,G,1.0
final,pepC,L139R,ctg,cgg,,,139,True,,None,139,R,1.0
final,pepC,V138G:7,gtc,ggc,,,138,True,,None,138,G,1.0
final,pepD,L390P,ctg,ccg,,,390,True,,None,390,P,1.0
final,pepE,A20G:5,gcc,ggc,,,20,True,,None,20,G,1.0
final,pfkA,S32S:7,tcg,tcc,,,32,True,,None,32,S,1.0
final,pheA,A287G:14,gcg,ggg,,,287,True,,None,287,G,1.0
final,pheT,R465R,cga,cgg,,,465,True,,None,465,R,1.0
final,pheT,G407G:4,ggt,ggg,,,407,True,,None,407,G,1.0
final,pheT,S513A:7,tcg,gcg,,,513,True,,None,513,A,1.0
final,phoH2,H83Y,cac,tac,,,83,True,,None,83,Y,1.0
final,phoR,P63S,ccc,tcc,,,63,True,,None,63,S,1.0
final,phoR,P172L,ccc,ctc,,,172,True,,None,172,L,1.0
final,phoY1,H6H,cac,cat,,,6,True,,None,6,H,1.0
final,pimA,S65S:13,tcg,tcc,,,65,True,,None,65,S,1.0
final,pimE,V345M:23,gtg,atg,,,345,True,,None,345,M,1.0
final,pirG,G254G:5,ggc,ggg,,,254,True,,None,254,G,1.0
final,pknB,V222I,gtc,atc,,,222,True,,None,222,I,1.0
final,pknD,W348C:8,tgg,tgc,,,348,True,,None,348,C,1.0
final,pknH,R607Q,cgg,cag,,,607,True,,None,607,Q,1.0
final,pknH,A212P:12,gcc,ccc,,,212,True,,None,212,P,1.0
final,pknJ,G343G:3,ggc,ggg,,,343,True,,None,343,G,1.0
final,pknK,A558G:10,gcc,ggc,,,558,True,,None,558,G,1.0
final,pknL,R135G:11,cga,gga,,,135,True,,None,135,G,1.0
final,pks12,A2250A,gct,gcc,,,2250,True,,None,2250,A,1.0
final,pks12,V3765X,gtg,gtx,,,3765,True,,None,3765,X,1.0
final,pks12,E1374Q:5,gag,cag,,,1374,True,,None,1374,Q,1.0
final,pks13,Y1484!:3,tac,tag,,,1484,True,,None,1484,!,1.0
final,pks15,V333A,gtg,gcg,,,333,True,,None,333,A,1.0
final,pks2,E1393D,gag,gac,,,1393,True,,None,1393,D,1.0
final,pks2,T1525T,acg,aca,,,1525,True,,None,1525,T,1.0
final,pks3,!489Y,taa,tac,,,489,True,,None,489,Y,1.0
final,pks3,T5P:17,acc,ccc,,,5,True,,None,5,P,1.0
final,pks4,a-43c,a,c,-43,1315191,-43,False,,None,,None,1.0
final,pks4,A217A,gcg,gca,,,217,True,,None,217,A,1.0
final,pks7,170_del_g,None,None,,,170,True,-1,g,,None,
final,pks8,A1357T,gcc,acc,,,1357,True,,None,1357,T,1.0
final,pks9,A612A,gcc,gct,,,612,True,,None,612,A,1.0
final,plcA,P37P,ccc,ccg,,,37,True,,None,37,P,1.0
final,plsB2,C778R,tgc,cgc,,,778,True,,None,778,R,1.0
final,pncB1,G429A,ggc,gcc,,,429,True,,None,429,A,1.0
final,pncB2,D166D,gac,gat,,,166,True,,None,166,D,1.0
final,ponA1,P631S,ccg,tcg,,,631,True,,None,631,S,1.0
final,ponA1,D575E:9,gac,gag,,,575,True,,None,575,E,1.0
final,ppgK,A93S,gcg,tcg,,,93,True,,None,93,S,1.0
final,ppgK,I203T,ata,aca,,,203,True,,None,203,T,1.0
final,ppk1,T40P:8,acc,ccc,,,40,True,,None,40,P,1.0
final,ppm1,A276G:6,gcc,ggc,,,276,True,,None,276,G,1.0
final,ppsA,D624E,gac,gag,,,624,True,,None,624,E,1.0
final,ppsA,A803T,gcc,act,,,803,True,,None,803,T,2.0
final,ppsA,R804R,cgg,cgc,,,804,True,,None,804,R,1.0
final,ppsA,F811X,ttt,ttx,,,811,True,,None,811,X,1.0
final,ppsA,S813S,agt,agc,,,813,True,,None,813,S,1.0
final,ppsA,V1556V,gtg,gta,,,1556,True,,None,1556,V,1.0
final,ppsA,R877H:108,cgc,cat,,,877,True,,None,877,H,2.0
final,ppsC,V1872G:13,gtg,ggg,,,1872,True,,None,1872,G,1.0
final,ppsD,K1821R,aaa,aga,,,1821,True,,None,1821,R,1.0
final,ppsD,A437P:5,gct,cct,,,437,True,,None,437,P,1.0
final,ppsD,V1266G:5,gtg,ggg,,,1266,True,,None,1266,G,1.0
final,ppsE,A615A,gca,gcg,,,615,True,,None,615,A,1.0
final,ppsE,Q1016Q,caa,cag,,,1016,True,,None,1016,Q,1.0
final,pptT,M87V,atg,gtg,,,87,True,,None,87,V,1.0
final,proC,A118A,gct,gcc,,,118,True,,None,118,A,1.0
final,proS,R500P:7,cgc,ccc,,,500,True,,None,500,P,1.0
final,proX,H311H,cat,cac,,,311,True,,None,311,H,1.0
final,pstA1,R305!,cga,tga,,,305,True,,None,305,!,1.0
final,pstC2,V14G:12,gtc,ggc,,,14,True,,None,14,G,1.0
final,pstP,E200G,gaa,gga,,,200,True,,None,200,G,1.0
final,pstP,P463S,ccg,tcg,,,463,True,,None,463,S,1.0
final,ptpA,A37T,gcg,acg,,,37,True,,None,37,T,1.0
final,purH,V316G:13,gtc,ggc,,,316,True,,None,316,G,1.0
final,purH,A318P:6,gcc,ccc,,,318,True,,None,318,P,1.0
final,purM,G63G,ggt,ggc,,,63,True,,None,63,G,1.0
final,purN,H197H,cat,cac,,,197,True,,None,197,H,1.0
final,pykA,A168A,gcc,gct,,,168,True,,None,168,A,1.0
final,radA,Q152Q,cag,caa,,,152,True,,None,152,Q,1.0
final,rbsK,V282A,gtc,gcc,,,282,True,,None,282,A,1.0
final,recB,G571R:13,ggc,cgc,,,571,True,,None,571,R,1.0
final,recB,S795R:3,agc,agg,,,795,True,,None,795,R,1.0
final,recC,P243A:3,ccg,gcg,,,243,True,,None,243,A,1.0
final,recF,I245T,atc,acc,,,245,True,,None,245,T,1.0
final,regX3,-35_del_ggggcaccacccgcttgcggggga,None,None,-35,580774,-35,False,-24,ggggcaccacccgcttgcggggga,,None,
final,relG,R21R,cgc,cga,,,21,True,,None,21,R,1.0
final,rimI,A64A,gct,gcc,,,64,True,,None,64,A,1.0
final,rocA,V61V:7,gtg,gtc,,,61,True,,None,61,V,1.0
final,rpfA,G336G,ggc,gga,,,336,True,,None,336,G,1.0
final,rpfE,R126Q,cgg,cag,,,126,True,,None,126,Q,1.0
final,rpfE,506_del_gccgccgcggctga,None,None,,,506,True,-14,gccgccgcggctga,,None,
final,rplK,A23P:12,gcc,ccc,,,23,True,,None,23,P,1.0
final,rplM,-83_del_t,None,None,-83,3862473,-83,False,-1,t,,None,
final,rplQ,P4P,cct,ccc,,,4,True,,None,4,P,1.0
final,rplV,T110I:7,act,att,,,110,True,,None,110,I,1.0
final,rpoB,G1010G:7,ggc,ggg,,,1010,True,,None,1010,G,1.0
final,rpoC,F452L:8,ttc,tta,,,452,True,,None,452,L,1.0
final,rpsP,G11C:17,ggc,tgc,,,11,True,,None,11,C,1.0
final,rrl,c344t,c,t,344,1474001,344,False,,None,,None,1.0
final,ruvB,P281P,cca,ccg,,,281,True,,None,281,P,1.0
final,scoB,G97G,ggt,ggc,,,97,True,,None,97,G,1.0
final,sdhA,V311I,gtc,atc,,,311,True,,None,311,I,1.0
final,sdhA,H483Y,cac,tac,,,483,True,,None,483,Y,1.0
final,sdhD,V54L,gtg,ctg,,,54,True,,None,54,L,1.0
final,secF,A422A,gcg,gca,,,422,True,,None,422,A,1.0
final,serB1,Q115H:5,cag,cac,,,115,True,,None,115,H,1.0
final,serB1,G249R:9,ggc,cgc,,,249,True,,None,249,R,1.0
final,serB1,L366L:9,cta,tta,,,366,True,,None,366,L,1.0
final,sigG,A115P:5,gcc,ccc,,,115,True,,None,115,P,1.0
final,sigG,A185G:9,gct,ggt,,,185,True,,None,185,G,1.0
final,sigJ,P41Q,ccg,cag,,,41,True,,None,41,Q,1.0
final,sigM,476_del_c,None,None,,,476,True,-1,c,,None,
final,sigM,A51P:5,gcg,ccg,,,51,True,,None,51,P,1.0
final,snzP,A295P:10,gcc,ccc,,,295,True,,None,295,P,1.0
final,ssb,F126V:9,ttt,gtt,,,126,True,,None,126,V,1.0
final,sugC,S237S:6,tcg,tcc,,,237,True,,None,237,S,1.0
final,sugI,P423L,ccg,ctg,,,423,True,,None,423,L,1.0
final,sugI,A265G:8,gcc,ggc,,,265,True,,None,265,G,1.0
final,tatD,T187N,acc,aac,,,187,True,,None,187,N,1.0
final,tcrA,G112S,ggc,agc,,,112,True,,None,112,S,1.0
final,tcrY,C246R,tgt,cgt,,,246,True,,None,246,R,1.0
final,tesB1,H121L,cac,ctc,,,121,True,,None,121,L,1.0
final,tgs4,T176P:9,acc,ccc,,,176,True,,None,176,P,1.0
final,thiE,D170E:3,gac,gaa,,,170,True,,None,170,E,1.0
final,thiG,S75C,tcc,tgc,,,75,True,,None,75,C,1.0
final,thiO,L69L,ctg,ttg,,,69,True,,None,69,L,1.0
final,tlyA,L11L,cta,ctg,,,11,True,,None,11,L,1.0
final,treS,g-65c:7,g,c,-65,152259,-65,False,,None,,None,1.0
final,treY,I138T:13,atc,acc,,,138,True,,None,138,T,1.0
final,treY,V188G:5,gtc,ggc,,,188,True,,None,188,G,1.0
final,trpA,R221R,cgg,cga,,,221,True,,None,221,R,1.0
final,trxB2,C305W:9,tgc,tgg,,,305,True,,None,305,W,1.0
final,typA,A146P:6,gcc,ccc,,,146,True,,None,146,P,1.0
final,ugpC,D160E:9,gac,gag,,,160,True,,None,160,E,1.0
final,umaA,S11W,tcg,tgg,,,11,True,,None,11,W,1.0
final,ureG,G23G:6,ggc,ggg,,,23,True,,None,23,G,1.0
final,uvrA,F813L:9,ttc,ttg,,,813,True,,None,813,L,1.0
final,vapB1,-5_ins_cgagcgctgttctggcgctaatctgacgctagaatag,None,None,-5,71584,-5,False,37,cgagcgctgttctggcgctaatctgacgctagaatag,,None,
final,vapB11,A18A,gcc,gct,,,18,True,,None,18,A,1.0
final,vapB16,A56G:13,gcg,ggg,,,56,True,,None,56,G,1.0
final,vapB22,A56V,gcg,gtg,,,56,True,,None,56,V,1.0
final,vapB27,G9G:14,ggc,ggg,,,9,True,,None,9,G,1.0
final,vapB35,K33K,aag,aaa,,,33,True,,None,33,K,1.0
final,vapB43,A45G:4,gcc,ggc,,,45,True,,None,45,G,1.0
final,vapB48,W68!,tgg,tag,,,68,True,,None,68,!,1.0
final,vapC15,L23L:13,cta,tta,,,23,True,,None,23,L,1.0
final,vapC25,c-76g,c,g,-76,333212,-76,False,,None,,None,1.0
final,vapC25,g-75a,g,a,-75,333211,-75,False,,None,,None,1.0
final,vapC25,t-73c,t,c,-73,333209,-73,False,,None,,None,1.0
final,vapC25,t-48c,t,c,-48,333184,-48,False,,None,,None,1.0
final,vapC25,L3L,ctc,ctt,,,3,True,,None,3,L,1.0
final,vapC25,I4L,atc,ctc,,,4,True,,None,4,L,1.0
final,vapC25,V6A,gtc,gcc,,,6,True,,None,6,A,1.0
final,vapC29,P130L,cca,cta,,,130,True,,None,130,L,1.0
final,vapC31,H17H:49,cac,cat,,,17,True,,None,17,H,1.0
final,vapC47,S46L,tcg,ttg,,,46,True,,None,46,L,1.0
final,wag22,F238X,ttc,xtc,,,238,True,,None,238,X,1.0
final,whiA,A272G:8,gcg,ggg,,,272,True,,None,272,G,1.0
final,whiB6,-75_del_g,None,None,-75,4338596,-75,False,-1,g,,None,
final,xerC,A57G:4,gcc,ggc,,,57,True,,None,57,G,1.0
final,yrbE2A,A111A,gcc,gcg,,,111,True,,None,111,A,1.0
final,zwf2,T300N:6,acc,aac,,,300,True,,None,300,N,1.0
